date,game,word,wordfreq_commonality,subtlex_commonality,trend_day_language,trend_avg_200_language,trend_day_global,trend_avg_200_global
2025-06-24,1466,elite,0.0005,0.1293,100.0,19.42,75.0,69.08
2025-06-23,1465,oddly,0.0001,0.1051,100.0,0.38,100.0,10.94
2025-06-22,1464,thrum,0.0,0.0106,100.0,0.04,100.0,0.04
2025-06-21,1463,glade,0.0,0.0309,100.0,0.14,100.0,15.2
2025-06-20,1462,taupe,0.0,0.0493,100.0,0.47,100.0,12.39
2025-06-19,1461,curio,0.0,0.0156,100.0,0.19,100.0,3.74
2025-06-18,1460,munch,0.0,0.0573,100.0,5.64,100.0,57.91
2025-06-17,1459,prank,0.0001,0.1512,88.0,24.48,25.0,23.02
2025-06-16,1458,petty,0.0002,0.2124,100.0,32.46,92.0,57.94
2025-06-15,1457,quail,0.0,0.0795,100.0,1.5,86.0,27.44
2025-06-14,1456,ghost,0.0005,0.3408,71.0,69.46,71.0,68.04
2025-06-13,1455,bilge,0.0,0.0697,100.0,0.22,100.0,2.15
2025-06-12,1454,vixen,0.0,0.0632,65.0,2.12,57.0,14.24
2025-06-11,1453,plaid,0.0,0.0901,100.0,15.02,100.0,39.47
2025-06-10,1452,taffy,0.0,0.1147,100.0,0.11,100.0,6.75
2025-06-09,1451,board,0.0033,0.3925,64.0,75.0,36.0,43.08
2025-06-08,1450,lease,0.0003,0.1864,63.0,25.64,80.0,81.49
2025-06-07,1449,reuse,0.0,0.0106,100.0,1.99,100.0,28.22
2025-06-06,1448,edify,0.0,0.0055,100.0,0.15,100.0,0.73
2025-06-05,1447,datum,0.0,0.0,100.0,5.3,100.0,9.52
2025-06-04,1446,cease,0.0002,0.2138,43.0,7.7,20.0,7.6
2025-06-03,1445,admin,0.0002,0.0336,100.0,17.6,100.0,62.98
2025-06-02,1444,preen,0.0,0.0055,100.0,0.1,100.0,0.91
2025-06-01,1443,rough,0.0006,0.3428,56.0,27.15,92.0,80.12
2025-05-31,1442,habit,0.0003,0.2574,35.0,29.71,57.0,50.58
2025-05-30,1441,idiom,0.0,0.0202,100.0,13.9,100.0,18.64
2025-05-29,1440,quash,0.0,0.0187,100.0,0.07,100.0,0.66
2025-05-28,1439,polar,0.0002,0.1217,4.0,3.42,36.0,41.04
2025-05-27,1438,sport,0.001,0.2856,70.0,75.94,49.0,61.56
2025-05-26,1437,drone,0.0002,0.1259,21.0,14.74,38.0,37.77
2025-05-25,1436,grift,0.0,0.0349,100.0,0.06,100.0,0.96
2025-05-24,1435,suede,0.0,0.0968,100.0,5.66,100.0,55.89
2025-05-23,1434,shuck,0.0,0.021,100.0,0.06,100.0,2.46
2025-05-22,1433,folio,0.0,0.0072,100.0,0.8,100.0,10.41
2025-05-21,1432,alarm,0.0004,0.3222,65.0,57.66,80.0,78.09
2025-05-20,1431,borne,0.0001,0.0661,100.0,3.64,100.0,13.24
2025-05-19,1430,pitch,0.0005,0.2636,94.0,62.72,75.0,62.76
2025-05-18,1429,livid,0.0,0.0336,100.0,8.11,100.0,10.28
2025-05-17,1428,grown,0.0009,0.3062,64.0,54.46,81.0,74.48
2025-05-16,1427,fifth,0.0012,0.2824,62.0,40.47,81.0,73.46
2025-05-15,1426,eager,0.0002,0.1937,100.0,47.96,100.0,44.08
2025-05-14,1425,bongo,0.0,0.1227,100.0,0.2,100.0,43.54
2025-05-13,1424,aware,0.0012,0.3384,96.0,53.22,95.0,77.75
2025-05-12,1423,bicep,0.0,0.0254,100.0,0.43,100.0,61.46
2025-05-11,1422,dowel,0.0,0.0055,100.0,0.09,100.0,3.86
2025-05-10,1421,yeast,0.0001,0.0583,96.0,16.85,72.0,74.46
2025-05-09,1420,tripe,0.0,0.0552,100.0,0.52,100.0,5.38
2025-05-08,1419,balmy,0.0,0.0424,100.0,0.3,100.0,2.68
2025-05-07,1418,macho,0.0,0.1464,100.0,16.48,100.0,70.04
2025-05-06,1417,suite,0.0003,0.2698,100.0,42.8,92.0,79.06
2025-05-05,1416,shush,0.0,0.1217,100.0,0.28,100.0,5.52
2025-05-04,1415,trout,0.0001,0.1516,36.0,1.4,54.0,31.6
2025-05-03,1414,patsy,0.0,0.1452,100.0,0.12,100.0,8.02
2025-05-02,1413,whose,0.0022,0.39,100.0,36.14,73.0,63.88
2025-05-01,1412,adept,0.0,0.0471,100.0,5.62,100.0,8.96
2025-04-30,1411,idler,0.0,0.0123,100.0,0.23,100.0,3.42
2025-04-29,1410,bliss,0.0001,0.1335,100.0,41.46,53.0,49.02
2025-04-28,1409,dummy,0.0001,0.2236,100.0,20.76,89.0,67.32
2025-04-27,1408,weedy,0.0,0.0239,100.0,0.04,100.0,1.21
2025-04-26,1407,clash,0.0002,0.0795,69.0,33.96,50.0,41.75
2025-04-25,1406,known,0.0047,0.4533,100.0,63.14,79.0,73.56
2025-04-24,1405,genie,0.0,0.1411,50.0,5.7,93.0,65.39
2025-04-23,1404,ozone,0.0001,0.1075,100.0,1.78,99.0,68.08
2025-04-22,1403,artsy,0.0,0.0268,100.0,0.16,100.0,9.69
2025-04-21,1402,spate,0.0,0.0171,100.0,0.1,100.0,2.27
2025-04-20,1401,patch,0.0003,0.2737,16.0,14.76,46.0,49.97
2025-04-19,1400,inbox,0.0001,0.009,100.0,33.3,70.0,77.4
2025-04-18,1399,dirge,0.0,0.0156,100.0,0.04,100.0,0.04
2025-04-17,1398,stood,0.0007,0.3089,100.0,25.18,100.0,36.7
2025-04-16,1397,moral,0.0006,0.2513,76.0,61.68,71.0,70.39
2025-04-15,1396,ashen,0.0,0.0156,100.0,0.04,100.0,3.06
2025-04-14,1395,crest,0.0001,0.1063,100.0,12.13,100.0,76.72
2025-04-13,1394,laugh,0.0009,0.3906,42.0,38.38,83.0,78.84
2025-04-12,1393,nurse,0.0005,0.3597,79.0,64.26,71.0,79.74
2025-04-11,1392,arrow,0.0003,0.2048,100.0,60.97,92.0,85.56
2025-04-10,1391,turbo,0.0001,0.1279,100.0,60.74,93.0,82.82
2025-04-09,1390,wheat,0.0002,0.1794,91.0,43.76,93.0,82.36
2025-04-08,1389,spare,0.0004,0.3252,82.0,42.84,85.0,74.36
2025-04-07,1388,hazel,0.0001,0.0688,100.0,6.37,100.0,72.76
2025-04-06,1387,villa,0.0003,0.1583,100.0,60.82,30.0,29.5
2025-04-05,1386,foamy,0.0,0.0225,,,46.0,22.03
2025-04-04,1385,krill,0.0,0.0139,100.0,0.02,100.0,3.53
2025-04-03,1384,shear,0.0,0.0323,50.0,1.61,100.0,37.23
2025-04-02,1383,curse,0.0002,0.2778,76.0,57.0,70.0,73.26
2025-04-01,1382,jewel,0.0001,0.1982,100.0,11.38,16.0,15.14
2025-03-31,1381,booty,0.0001,0.1847,46.0,6.24,93.0,65.85
2025-03-30,1380,quota,0.0001,0.0987,99.0,23.14,87.0,71.7
2025-03-29,1379,sorry,0.0029,0.6638,80.0,81.7,93.0,87.0
2025-03-28,1378,verse,0.0003,0.1631,91.0,66.08,71.0,64.66
2025-03-27,1377,sheet,0.0005,0.2382,61.0,70.76,86.0,79.5
2025-03-26,1376,elbow,0.0001,0.1847,53.0,11.08,73.0,62.96
2025-03-25,1375,shelf,0.0002,0.1949,57.0,40.51,24.0,30.23
2025-03-24,1374,angle,0.0005,0.2601,47.0,44.64,85.0,80.69
2025-03-23,1373,dopey,0.0,0.0827,100.0,0.05,100.0,2.82
2025-03-22,1372,amble,0.0,0.009,100.0,0.24,100.0,3.32
2025-03-21,1371,nudge,0.0,0.0706,100.0,21.82,100.0,31.16
2025-03-20,1370,baste,0.0,0.0282,100.0,0.12,100.0,3.32
2025-03-19,1369,spark,0.0002,0.1864,94.0,68.05,90.0,83.03
2025-03-18,1368,timer,0.0001,0.1861,86.0,61.39,89.0,73.24
2025-03-17,1367,lasso,0.0,0.0593,100.0,2.96,100.0,38.72
2025-03-16,1366,stamp,0.0002,0.1818,28.0,40.64,46.0,60.88
2025-03-15,1365,ladle,0.0,0.0526,100.0,0.36,100.0,5.98
2025-03-14,1364,piece,0.0021,0.4541,70.0,70.24,69.0,71.21
2025-03-13,1363,chase,0.0005,0.3308,72.0,59.69,34.0,34.66
2025-03-12,1362,mango,0.0001,0.0916,100.0,64.14,61.0,60.79
2025-03-11,1361,track,0.002,0.3795,97.0,71.28,87.0,81.82
2025-03-10,1360,spite,0.0002,0.2023,100.0,27.52,100.0,32.75
2025-03-09,1359,greed,0.0001,0.1652,85.0,49.38,61.0,35.9
2025-03-08,1358,navel,0.0,0.0758,100.0,1.58,100.0,29.78
2025-03-07,1357,troop,0.0001,0.1801,100.0,0.28,100.0,48.32
2025-03-06,1356,alert,0.0004,0.2888,72.0,49.66,27.0,28.5
2025-03-05,1355,scrum,0.0,0.009,100.0,1.92,100.0,10.71
2025-03-04,1354,check,0.0039,0.5295,74.0,72.64,84.0,80.82
2025-03-03,1353,spear,0.0001,0.161,100.0,6.1,71.0,49.34
2025-03-02,1352,deity,0.0001,0.0412,100.0,1.66,100.0,7.93
2025-03-01,1351,hover,0.0,0.0724,100.0,11.66,100.0,64.18
2025-02-28,1350,fuzzy,0.0001,0.1804,100.0,11.77,67.0,62.03
2025-02-27,1349,lodge,0.0002,0.1917,81.0,24.62,80.0,81.14
2025-02-26,1348,award,0.0015,0.2472,85.0,58.4,45.0,40.71
2025-02-25,1347,dryer,0.0001,0.1607,100.0,4.0,65.0,66.94
2025-02-24,1346,gland,0.0,0.0865,100.0,2.06,100.0,67.28
2025-02-23,1345,otter,0.0,0.0803,100.0,26.99,99.0,74.17
2025-02-22,1344,cream,0.0008,0.3671,73.0,74.26,83.0,73.11
2025-02-21,1343,clove,0.0,0.0387,42.0,1.57,37.0,22.39
2025-02-20,1342,roach,0.0001,0.1217,100.0,0.55,100.0,49.6
2025-02-19,1341,madly,0.0,0.1312,100.0,0.0,100.0,26.97
2025-02-18,1340,indie,0.0002,0.0362,100.0,0.9,100.0,27.04
2025-02-17,1339,trail,0.0005,0.2824,100.0,62.11,69.0,75.19
2025-02-16,1338,suave,0.0,0.0613,100.0,18.48,100.0,34.4
2025-02-15,1337,crook,0.0,0.1783,58.0,3.07,56.0,19.35
2025-02-14,1336,ditty,0.0,0.0542,100.0,0.06,100.0,1.46
2025-02-13,1335,rumba,0.0,0.0741,100.0,0.05,100.0,8.38
2025-02-12,1334,rapid,0.0005,0.1579,90.0,46.61,46.0,45.51
2025-02-11,1333,score,0.0013,0.324,18.0,18.08,38.0,42.74
2025-02-10,1332,goody,0.0,0.1424,100.0,0.28,100.0,21.1
2025-02-09,1331,bonus,0.0005,0.2182,42.0,41.18,93.0,66.28
2025-02-08,1330,steep,0.0002,0.1164,82.0,40.15,100.0,58.1
2025-02-07,1329,swath,0.0,0.0187,100.0,0.04,100.0,0.12
2025-02-06,1328,pupil,0.0001,0.1335,91.0,34.18,87.0,46.76
2025-02-05,1327,pedal,0.0001,0.1045,100.0,5.56,96.0,86.17
2025-02-04,1326,tooth,0.0002,0.2517,65.0,65.26,97.0,86.92
2025-02-03,1325,revue,0.0,0.0515,100.0,0.32,100.0,6.3
2025-02-02,1324,chore,0.0,0.0651,89.0,2.08,100.0,50.0
2025-02-01,1323,rivet,0.0,0.0268,100.0,1.2,100.0,18.04
2025-01-31,1322,toast,0.0002,0.3327,61.0,49.0,50.0,46.79
2025-01-30,1321,false,0.0008,0.2911,85.0,63.22,90.0,69.85
2025-01-29,1320,udder,0.0,0.0187,100.0,0.14,100.0,3.45
2025-01-28,1319,fever,0.0003,0.2858,92.0,68.94,61.0,53.95
2025-01-27,1318,shunt,0.0,0.0623,100.0,0.24,100.0,8.99
2025-01-26,1317,sunny,0.0002,0.203,62.0,64.5,91.0,82.51
2025-01-25,1316,crisp,0.0001,0.134,100.0,17.16,58.0,57.24
2025-01-24,1315,crepe,0.0,0.0563,100.0,42.08,65.0,45.46
2025-01-23,1314,upper,0.001,0.2416,100.0,66.31,100.0,88.05
2025-01-22,1313,reach,0.0017,0.3814,80.0,62.0,94.0,77.69
2025-01-21,1312,icing,0.0001,0.0819,79.0,0.5,20.0,21.39
2025-01-20,1311,squid,0.0001,0.1245,34.0,10.3,26.0,9.38
2025-01-19,1310,rower,0.0,0.0019,0.0,0.5,86.0,46.26
2025-01-18,1309,silly,0.0005,0.3817,89.0,69.3,68.0,65.24
2025-01-17,1308,prose,0.0001,0.0623,37.0,5.04,39.0,4.63
2025-01-16,1307,flint,0.0001,0.1576,98.0,1.29,87.0,52.98
2025-01-15,1306,knack,0.0,0.1174,51.0,2.28,100.0,14.13
2025-01-14,1305,fancy,0.0004,0.3363,99.0,73.28,65.0,71.21
2025-01-13,1304,cloak,0.0001,0.1303,100.0,11.04,100.0,39.7
2025-01-12,1303,total,0.0031,0.3434,63.0,66.44,71.0,72.1
2025-01-11,1302,dingy,0.0,0.0448,100.0,1.01,100.0,3.28
2025-01-10,1301,crawl,0.0001,0.2413,100.0,30.67,55.0,54.54
2025-01-09,1300,wafer,0.0,0.0239,100.0,1.0,100.0,33.38
2025-01-08,1299,draft,0.0008,0.1985,67.0,35.47,9.0,7.9
2025-01-07,1298,atlas,0.0001,0.0661,43.0,14.89,24.0,25.29
2025-01-06,1297,sprig,0.0,0.0202,100.0,0.04,100.0,2.19
2025-01-05,1296,cyber,0.0002,0.0,100.0,29.32,9.0,10.9
2025-01-04,1295,relax,0.0004,0.4306,15.0,16.1,88.0,83.52
2025-01-03,1294,cheap,0.001,0.3399,64.0,65.97,96.0,84.32
2025-01-02,1293,chose,0.0007,0.2799,78.0,59.95,89.0,80.4
2025-01-01,1292,nerve,0.0003,0.2985,34.0,19.54,69.0,77.36
2024-12-31,1291,lemur,0.0,0.0156,100.0,0.09,100.0,7.78
2024-12-30,1290,stare,0.0002,0.225,48.0,53.78,84.0,75.11
2024-12-29,1289,mambo,0.0,0.1185,100.0,0.56,100.0,7.92
2024-12-28,1288,decry,0.0,0.0,100.0,0.06,100.0,0.06
2024-12-27,1287,grain,0.0003,0.1645,42.0,27.72,77.0,74.84
2024-12-26,1286,affix,0.0,0.0106,100.0,4.26,100.0,5.88
2024-12-25,1285,share,0.003,0.3999,65.0,77.75,37.0,64.9
2024-12-24,1284,eagle,0.0003,0.2373,33.0,26.76,78.0,67.23
2024-12-23,1283,sauna,0.0,0.0803,73.0,17.89,90.0,62.01
2024-12-22,1282,brawn,0.0,0.0424,100.0,0.34,100.0,4.76
2024-12-21,1281,blade,0.0003,0.248,69.0,53.92,72.0,66.0
2024-12-20,1280,flash,0.0005,0.2626,62.0,59.24,70.0,67.44
2024-12-19,1279,stray,0.0001,0.1734,100.0,37.18,32.0,31.02
2024-12-18,1278,hefty,0.0,0.0749,100.0,2.72,100.0,14.7
2024-12-17,1277,scowl,0.0,0.0387,100.0,1.56,100.0,3.52
2024-12-16,1276,boast,0.0001,0.0679,100.0,10.12,100.0,17.07
2024-12-15,1275,funky,0.0001,0.1696,100.0,13.16,100.0,63.8
2024-12-14,1274,drool,0.0,0.1081,100.0,0.42,100.0,20.75
2024-12-13,1273,boxer,0.0001,0.1482,0.0,7.16,13.0,13.84
2024-12-12,1272,vying,0.0,0.0225,100.0,0.32,100.0,0.62
2024-12-11,1271,plumb,0.0,0.093,100.0,0.2,100.0,9.88
2024-12-10,1270,patio,0.0001,0.1206,68.0,22.0,38.0,55.42
2024-12-09,1269,flung,0.0,0.0583,100.0,0.24,100.0,5.14
2024-12-08,1268,hyena,0.0,0.0827,100.0,1.78,100.0,31.78
2024-12-07,1267,hilly,0.0,0.0749,100.0,0.19,100.0,25.08
2024-12-06,1266,shove,0.0001,0.2494,100.0,3.05,100.0,22.48
2024-12-05,1265,endow,0.0,0.0187,100.0,0.17,100.0,0.92
2024-12-04,1264,crypt,0.0,0.0811,100.0,0.32,100.0,24.64
2024-12-03,1263,shaky,0.0001,0.1293,100.0,1.39,100.0,29.36
2024-12-02,1262,guile,0.0,0.0661,100.0,0.92,100.0,1.15
2024-12-01,1261,mauve,0.0,0.04,100.0,1.26,100.0,15.27
2024-11-30,1260,dogma,0.0,0.021,100.0,1.76,81.0,12.81
2024-11-29,1259,hippo,0.0,0.0827,100.0,20.75,44.0,31.48
2024-11-28,1258,chock,0.0,0.0156,100.0,0.06,100.0,3.74
2024-11-27,1257,slang,0.0001,0.0819,75.0,69.86,83.0,79.26
2024-11-26,1256,witch,0.0002,0.3153,48.0,43.21,36.0,33.82
2024-11-25,1255,brown,0.0019,0.3865,26.0,23.5,88.0,76.84
2024-11-24,1254,twist,0.0003,0.2453,97.0,68.81,63.0,56.6
2024-11-23,1253,jelly,0.0001,0.1968,80.0,43.31,82.0,54.7
2024-11-22,1252,pearl,0.0003,0.2644,71.0,39.84,90.0,79.36
2024-11-21,1251,spine,0.0002,0.1794,77.0,27.04,96.0,75.52
2024-11-20,1250,niche,0.0001,0.0613,100.0,30.49,100.0,59.02
2024-11-19,1249,going,0.0166,0.7199,96.0,79.53,64.0,57.86
2024-11-18,1248,frail,0.0,0.0894,100.0,5.3,100.0,11.96
2024-11-17,1247,tally,0.0001,0.1411,100.0,11.05,7.0,12.8
2024-11-16,1246,visor,0.0,0.0436,100.0,1.22,100.0,67.34
2024-11-15,1245,tacky,0.0,0.1211,100.0,3.2,100.0,25.72
2024-11-14,1244,uvula,0.0,0.0156,100.0,0.18,100.0,1.48
2024-11-13,1243,primp,0.0,0.0106,100.0,0.08,100.0,0.06
2024-11-12,1242,flown,0.0001,0.161,100.0,1.96,100.0,12.24
2024-11-11,1241,stoic,0.0,0.0323,100.0,8.65,100.0,14.02
2024-11-10,1240,inner,0.0006,0.2248,100.0,58.39,87.0,86.2
2024-11-09,1239,swell,0.0001,0.2896,49.0,9.9,59.0,43.78
2024-11-08,1238,ready,0.0037,0.5603,59.0,53.94,65.0,63.83
2024-11-07,1237,event,0.0029,0.311,80.0,65.45,41.0,41.3
2024-11-06,1236,truly,0.0014,0.339,100.0,42.01,100.0,82.54
2024-11-05,1235,octet,0.0,0.0019,100.0,0.08,100.0,1.8
2024-11-04,1234,vinyl,0.0002,0.0758,100.0,26.12,70.0,64.3
2024-11-03,1233,blaze,0.0001,0.1063,100.0,16.73,81.0,73.15
2024-11-02,1232,snoop,0.0,0.1174,48.0,2.12,36.0,14.64
2024-11-01,1231,sixth,0.0005,0.2319,51.0,10.46,59.0,44.2
2024-10-31,1230,weird,0.0012,0.4347,90.0,63.62,94.0,80.99
2024-10-30,1229,easel,0.0,0.0225,100.0,0.41,100.0,9.06
2024-10-29,1228,tunic,0.0,0.0412,100.0,0.46,100.0,21.28
2024-10-28,1227,bawdy,0.0,0.0156,100.0,0.06,100.0,0.04
2024-10-27,1226,sandy,0.0003,0.2996,100.0,26.66,61.0,70.52
2024-10-26,1225,wreak,0.0,0.0436,100.0,0.22,100.0,1.05
2024-10-25,1224,frown,0.0,0.1045,100.0,12.56,100.0,24.76
2024-10-24,1223,bossy,0.0,0.0951,100.0,20.87,100.0,46.58
2024-10-23,1222,goofy,0.0001,0.1717,100.0,36.86,100.0,61.64
2024-10-22,1221,shout,0.0002,0.2687,98.0,60.78,100.0,84.32
2024-10-21,1220,spoon,0.0001,0.2023,93.0,62.9,86.0,82.22
2024-10-20,1219,dicey,0.0,0.0448,100.0,0.26,100.0,3.17
2024-10-19,1218,fiber,0.0002,0.1317,83.0,36.82,93.0,85.64
2024-10-18,1217,stint,0.0001,0.0526,100.0,0.8,100.0,4.89
2024-10-17,1216,halve,0.0,0.0123,100.0,0.56,81.0,9.98
2024-10-16,1215,grant,0.0009,0.3301,100.0,49.64,73.0,71.74
2024-10-15,1214,corer,0.0,0.0,100.0,0.05,100.0,0.51
2024-10-14,1213,gamut,0.0,0.021,100.0,0.08,100.0,0.76
2024-10-13,1212,prone,0.0002,0.0968,100.0,20.82,100.0,70.84
2024-10-12,1211,stain,0.0001,0.1855,53.0,18.89,93.0,83.07
2024-10-11,1210,gusty,0.0,0.009,100.0,0.66,100.0,3.36
2024-10-10,1209,carve,0.0,0.1326,100.0,1.26,100.0,36.12
2024-10-09,1208,mommy,0.0001,0.4018,100.0,20.44,68.0,60.43
2024-10-08,1207,joint,0.001,0.3149,92.0,59.21,94.0,83.9
2024-10-07,1206,flour,0.0002,0.134,41.0,28.92,73.0,74.0
2024-10-06,1205,lager,0.0,0.0375,100.0,11.44,100.0,49.12
2024-10-05,1204,miner,0.0001,0.0842,100.0,4.97,100.0,69.6
2024-10-04,1203,title,0.0024,0.2795,86.0,60.19,87.0,78.74
2024-10-03,1202,wagon,0.0002,0.2755,71.0,32.7,74.0,81.13
2024-10-02,1201,shell,0.0005,0.2494,87.0,64.26,93.0,88.23
2024-10-01,1200,modem,0.0,0.0688,100.0,12.71,100.0,57.9
2024-09-30,1199,cloud,0.0006,0.2392,44.0,37.26,79.0,75.07
2024-09-29,1198,rider,0.0002,0.2034,79.0,66.97,86.0,79.86
2024-09-28,1197,brain,0.0017,0.4094,67.0,72.97,70.0,76.92
2024-09-27,1196,faith,0.0013,0.3624,49.0,51.58,73.0,71.36
2024-09-26,1195,thank,0.0058,0.6594,89.0,77.32,45.0,43.96
2024-09-25,1194,torch,0.0001,0.1681,46.0,18.0,19.0,20.06
2024-09-24,1193,handy,0.0002,0.2426,44.0,23.92,88.0,79.22
2024-09-23,1192,steam,0.0006,0.251,75.0,65.18,59.0,62.78
2024-09-22,1191,teach,0.0009,0.4042,74.0,70.78,76.0,76.47
2024-09-21,1190,seven,0.0023,0.4377,37.0,33.32,76.0,72.8
2024-09-20,1189,smoke,0.0009,0.3943,81.0,62.62,70.0,74.5
2024-09-19,1188,press,0.0028,0.3866,88.0,54.63,49.0,46.6
2024-09-18,1187,fully,0.0015,0.2729,100.0,20.97,96.0,75.88
2024-09-17,1186,beaut,0.0,0.0779,100.0,0.0,100.0,1.03
2024-09-16,1185,honey,0.0004,0.5364,61.0,53.83,75.0,70.01
2024-09-15,1184,recur,0.0,0.0037,100.0,0.08,100.0,1.79
2024-09-14,1183,broad,0.0006,0.2589,80.0,25.32,76.0,66.08
2024-09-13,1182,harsh,0.0003,0.1966,64.0,27.03,88.0,64.02
2024-09-12,1181,brass,0.0002,0.2419,16.0,6.58,61.0,49.26
2024-09-11,1180,aisle,0.0001,0.2003,100.0,10.36,100.0,31.41
2024-09-10,1179,rebel,0.0002,0.1737,71.0,24.06,51.0,26.6
2024-09-09,1178,debit,0.0001,0.0139,69.0,49.54,74.0,66.1
2024-09-08,1177,drawn,0.0006,0.2306,100.0,37.79,60.0,49.14
2024-09-07,1176,owner,0.0013,0.2996,78.0,73.99,74.0,78.28
2024-09-06,1175,rerun,0.0,0.0613,100.0,0.68,100.0,27.53
2024-09-05,1174,widen,0.0,0.0563,100.0,0.35,100.0,20.02
2024-09-04,1173,stern,0.0002,0.1882,100.0,16.22,87.0,60.32
2024-09-03,1172,faint,0.0001,0.2189,96.0,35.52,100.0,70.56
2024-09-02,1171,camel,0.0001,0.1687,47.0,28.38,81.0,75.44
2024-09-01,1170,mushy,0.0,0.0865,100.0,1.16,100.0,24.34
2024-08-31,1169,spout,0.0,0.0661,18.0,0.76,34.0,12.48
2024-08-30,1168,knave,0.0,0.0296,100.0,0.06,100.0,0.34
2024-08-29,1167,flunk,0.0,0.0968,100.0,0.12,100.0,1.33
2024-08-28,1166,lithe,0.0,0.0037,100.0,0.48,100.0,1.23
2024-08-27,1165,crown,0.0007,0.2525,79.0,67.26,58.0,57.0
2024-08-26,1164,stake,0.0003,0.2695,42.0,26.2,29.0,36.81
2024-08-25,1163,skate,0.0001,0.1815,12.0,6.34,11.0,10.84
2024-08-24,1162,filet,0.0,0.0623,100.0,1.04,100.0,44.19
2024-08-23,1161,leech,0.0,0.0951,100.0,1.08,100.0,21.1
2024-08-22,1160,brute,0.0001,0.1344,100.0,5.14,100.0,35.8
2024-08-21,1159,mulch,0.0,0.0336,100.0,0.0,93.0,48.21
2024-08-20,1158,delay,0.0005,0.2337,87.0,65.73,70.0,64.68
2024-08-19,1157,meter,0.0002,0.1858,49.0,42.03,64.0,62.36
2024-08-18,1156,lanky,0.0,0.0336,100.0,0.74,100.0,4.5
2024-08-17,1155,storm,0.0009,0.3253,67.0,65.12,28.0,28.8
2024-08-16,1154,brace,0.0001,0.1861,100.0,12.78,100.0,72.4
2024-08-15,1153,acorn,0.0,0.0515,100.0,2.12,71.0,38.16
2024-08-14,1152,shore,0.0004,0.2855,100.0,59.44,93.0,83.87
2024-08-13,1151,neigh,0.0,0.0202,100.0,0.06,100.0,1.58
2024-08-12,1150,skiff,0.0,0.0515,100.0,0.12,100.0,1.62
2024-08-11,1149,scone,0.0,0.0375,100.0,0.28,100.0,30.66
2024-08-10,1148,medic,0.0001,0.1789,0.0,2.78,84.0,74.2
2024-08-09,1147,ounce,0.0001,0.152,80.0,3.83,88.0,77.32
2024-08-08,1146,saucy,0.0,0.0749,100.0,0.54,100.0,30.7
2024-08-07,1145,macaw,0.0,0.0202,100.0,0.04,100.0,4.56
2024-08-06,1144,anvil,0.0,0.0459,100.0,0.57,100.0,11.96
2024-08-05,1143,ensue,0.0,0.0171,100.0,0.52,100.0,1.62
2024-08-04,1142,lower,0.0025,0.3157,55.0,67.15,87.0,87.77
2024-08-03,1141,scale,0.0013,0.221,29.0,39.47,48.0,60.67
2024-08-02,1140,flake,0.0,0.0951,14.0,1.28,53.0,32.02
2024-08-01,1139,chalk,0.0001,0.1432,24.0,5.05,66.0,57.92
2024-07-31,1138,penne,0.0,0.0,100.0,0.11,100.0,30.96
2024-07-30,1137,feral,0.0,0.0156,100.0,6.17,100.0,27.79
2024-07-29,1136,super,0.0023,0.3104,24.0,25.07,5.0,7.3
2024-07-28,1135,smock,0.0,0.0375,100.0,0.0,100.0,8.17
2024-07-27,1134,juice,0.0004,0.3127,71.0,68.32,95.0,85.84
2024-07-26,1133,awash,0.0,0.0254,100.0,0.08,100.0,2.03
2024-07-25,1132,porch,0.0001,0.2221,0.0,13.76,78.0,66.42
2024-07-24,1131,forte,0.0,0.0436,100.0,46.06,100.0,77.86
2024-07-23,1130,prong,0.0,0.0239,100.0,0.57,100.0,19.32
2024-07-22,1129,cadet,0.0,0.1403,15.0,1.32,38.0,27.48
2024-07-21,1128,speck,0.0,0.0987,100.0,2.25,100.0,44.5
2024-07-20,1127,shaft,0.0002,0.2034,28.0,4.22,71.0,56.58
2024-07-19,1126,refer,0.0005,0.1992,100.0,23.0,94.0,68.33
2024-07-18,1125,nerdy,0.0,0.0362,100.0,1.07,100.0,38.94
2024-07-17,1124,quite,0.0037,0.4995,100.0,60.47,87.0,73.83
2024-07-16,1123,decoy,0.0,0.1428,100.0,0.84,100.0,28.37
2024-07-15,1122,swoon,0.0,0.0448,100.0,0.69,100.0,5.54
2024-07-14,1121,video,0.0051,0.3518,72.0,70.53,98.0,85.04
2024-07-13,1120,enact,0.0001,0.0156,100.0,1.59,100.0,10.1
2024-07-12,1119,jiffy,0.0,0.0887,100.0,0.51,100.0,38.04
2024-07-11,1118,cameo,0.0001,0.0362,100.0,4.96,43.0,21.79
2024-07-10,1117,gaunt,0.0,0.0139,100.0,1.57,100.0,3.33
2024-07-09,1116,blare,0.0,0.0309,100.0,0.08,100.0,1.08
2024-07-08,1115,shape,0.001,0.3234,27.0,25.28,65.0,75.06
2024-07-07,1114,canon,0.0002,0.0642,53.0,26.74,82.0,74.56
2024-07-06,1113,scoff,0.0,0.0323,100.0,0.63,100.0,2.92
2024-07-05,1112,crush,0.0003,0.2705,65.0,65.69,79.0,83.38
2024-07-04,1111,debut,0.0006,0.1201,100.0,35.1,60.0,46.65
2024-07-03,1110,thigh,0.0001,0.1464,61.0,29.62,83.0,81.68
2024-07-02,1109,inlay,0.0,0.021,100.0,0.0,100.0,8.73
2024-07-01,1108,adage,0.0,0.0459,55.0,1.34,57.0,1.37
2024-06-30,1107,buddy,0.0005,0.4363,33.0,42.89,70.0,66.84
2024-06-29,1106,zebra,0.0,0.118,49.0,51.33,50.0,59.46
2024-06-28,1105,drove,0.0004,0.3192,32.0,5.92,43.0,29.34
2024-06-27,1104,order,0.0059,0.4755,76.0,76.58,84.0,81.56
2024-06-26,1103,knead,0.0,0.0156,100.0,1.06,100.0,15.79
2024-06-25,1102,savor,0.0,0.0623,100.0,2.48,100.0,11.53
2024-06-24,1101,dolly,0.0001,0.1829,100.0,2.68,56.0,44.41
2024-06-23,1100,bugle,0.0,0.0944,100.0,0.18,100.0,5.31
2024-06-22,1099,edict,0.0,0.0254,100.0,0.52,100.0,1.06
2024-06-21,1098,paint,0.0006,0.3413,65.0,66.46,80.0,81.95
2024-06-20,1097,scent,0.0001,0.1823,100.0,31.76,83.0,76.08
2024-06-19,1096,terse,0.0,0.0139,100.0,0.82,100.0,0.94
2024-06-18,1095,cover,0.0023,0.4282,61.0,64.79,81.0,78.68
2024-06-17,1094,prior,0.0014,0.2092,12.0,8.19,29.0,24.67
2024-06-16,1093,grind,0.0002,0.146,92.0,63.18,100.0,76.99
2024-06-15,1092,proud,0.0012,0.4171,52.0,58.32,53.0,46.92
2024-06-14,1091,vault,0.0002,0.2413,57.0,14.32,50.0,47.1
2024-06-13,1090,angst,0.0,0.0613,100.0,12.94,100.0,25.48
2024-06-12,1089,deter,0.0001,0.0309,100.0,10.25,100.0,9.53
2024-06-11,1088,swung,0.0001,0.1119,100.0,0.3,100.0,5.53
2024-06-10,1087,manga,0.0002,0.0171,100.0,42.74,100.0,67.11
2024-06-09,1086,crowd,0.001,0.3427,100.0,59.39,97.0,72.54
2024-06-08,1085,hence,0.0005,0.1658,100.0,29.08,100.0,32.99
2024-06-07,1084,melon,0.0,0.1562,61.0,51.69,78.0,64.11
2024-06-06,1083,ether,0.0,0.1069,17.0,1.1,29.0,5.72
2024-06-05,1082,organ,0.0003,0.1983,61.0,42.92,70.0,59.6
2024-06-04,1081,groom,0.0001,0.2046,100.0,33.94,80.0,76.68
2024-06-03,1080,stark,0.0002,0.1892,30.0,8.94,55.0,36.69
2024-06-02,1079,bravo,0.0001,0.2816,100.0,32.32,72.0,71.99
2024-06-01,1078,basin,0.0002,0.0994,100.0,14.81,93.0,75.92
2024-05-31,1077,chaos,0.0004,0.22,100.0,50.64,73.0,51.54
2024-05-30,1076,gummy,0.0,0.0526,100.0,1.42,99.0,74.31
2024-05-29,1075,papal,0.0,0.04,100.0,0.04,100.0,1.83
2024-05-28,1074,minus,0.0002,0.205,72.0,51.82,27.0,40.69
2024-05-27,1073,skier,0.0,0.0362,80.0,1.16,100.0,15.48
2024-05-26,1072,bevel,0.0,0.0072,100.0,0.26,100.0,4.2
2024-05-25,1071,titan,0.0001,0.0842,100.0,17.36,54.0,47.54
2024-05-24,1070,glide,0.0,0.1136,32.0,7.61,91.0,69.32
2024-05-23,1069,swish,0.0,0.0901,100.0,0.33,100.0,26.74
2024-05-22,1068,exalt,0.0,0.0171,100.0,0.6,100.0,2.24
2024-05-21,1067,dingo,0.0,0.0779,100.0,0.42,100.0,8.51
2024-05-20,1066,nicer,0.0001,0.201,100.0,2.66,100.0,34.48
2024-05-19,1065,hitch,0.0001,0.1527,39.0,2.88,35.0,24.22
2024-05-18,1064,briny,0.0,0.0436,100.0,0.05,100.0,0.08
2024-05-17,1063,tutor,0.0001,0.1621,86.0,66.9,92.0,79.44
2024-05-16,1062,stall,0.0001,0.216,29.0,11.55,80.0,65.46
2024-05-15,1061,pinch,0.0001,0.1844,34.0,12.14,77.0,63.48
2024-05-14,1060,amass,0.0,0.0055,100.0,0.18,100.0,2.36
2024-05-13,1059,cumin,0.0,0.0254,100.0,2.99,100.0,23.49
2024-05-12,1058,outer,0.0003,0.2171,100.0,31.06,68.0,60.64
2024-05-11,1057,tidal,0.0001,0.067,100.0,0.9,84.0,52.61
2024-05-10,1056,media,0.0038,0.2958,76.0,71.05,72.0,80.84
2024-05-09,1055,jerky,0.0,0.1113,100.0,0.55,100.0,59.0
2024-05-08,1054,pious,0.0,0.0623,100.0,1.56,100.0,1.54
2024-05-07,1053,musty,0.0,0.0375,100.0,1.16,90.0,14.18
2024-05-06,1052,shave,0.0001,0.253,0.0,9.34,85.0,83.04
2024-05-05,1051,decal,0.0,0.0106,100.0,0.22,100.0,16.8
2024-05-04,1050,value,0.0027,0.2926,59.0,71.38,60.0,74.56
2024-05-03,1049,ebony,0.0,0.0583,100.0,3.19,100.0,59.94
2024-05-02,1048,slice,0.0002,0.2118,100.0,37.62,91.0,84.08
2024-05-01,1047,diary,0.0002,0.2162,88.0,68.06,69.0,69.68
2024-04-30,1046,prowl,0.0,0.0779,100.0,0.45,100.0,5.12
2024-04-29,1045,craft,0.0004,0.1783,92.0,56.92,64.0,59.17
2024-04-28,1044,prune,0.0,0.085,19.0,3.39,75.0,41.06
2024-04-27,1043,gleam,0.0,0.0642,100.0,0.78,100.0,5.75
2024-04-26,1042,vapid,0.0,0.0225,100.0,0.32,100.0,1.01
2024-04-25,1041,intro,0.0001,0.1032,100.0,16.71,100.0,71.3
2024-04-24,1040,overt,0.0,0.0225,100.0,3.37,100.0,5.05
2024-04-23,1039,rover,0.0001,0.1377,83.0,5.54,78.0,69.55
2024-04-22,1038,laser,0.0003,0.2114,12.0,5.84,93.0,85.32
2024-04-21,1037,jolly,0.0001,0.201,66.0,22.88,45.0,42.63
2024-04-20,1036,lucid,0.0,0.077,26.0,5.29,46.0,23.34
2024-04-19,1035,raise,0.0011,0.3786,76.0,59.17,95.0,84.31
2024-04-18,1034,facet,0.0,0.021,100.0,10.98,100.0,12.15
2024-04-17,1033,tithe,0.0,0.0019,100.0,0.2,100.0,1.28
2024-04-16,1032,shank,0.0,0.0803,100.0,0.38,100.0,21.08
2024-04-15,1031,equip,0.0001,0.0268,100.0,6.76,100.0,54.55
2024-04-14,1030,blimp,0.0,0.067,100.0,0.1,100.0,4.66
2024-04-13,1029,steel,0.001,0.2789,54.0,64.72,77.0,83.2
2024-04-12,1028,whiny,0.0,0.0661,100.0,0.24,100.0,1.95
2024-04-11,1027,louse,0.0,0.093,100.0,2.11,100.0,1.68
2024-04-10,1026,broth,0.0,0.0593,100.0,6.27,70.0,61.84
2024-04-09,1025,merge,0.0001,0.0819,69.0,59.82,80.0,73.53
2024-04-08,1024,breed,0.0002,0.1872,100.0,29.89,65.0,58.74
2024-04-07,1023,voila,0.0,0.1185,100.0,1.61,100.0,6.07
2024-04-06,1022,finch,0.0001,0.1516,100.0,0.16,100.0,28.52
2024-04-05,1021,wrist,0.0002,0.2281,13.0,9.07,75.0,70.1
2024-04-04,1020,climb,0.0003,0.285,83.0,62.46,89.0,79.34
2024-04-03,1019,plait,0.0,0.0412,100.0,0.46,100.0,1.94
2024-04-02,1018,serum,0.0001,0.1464,81.0,48.66,85.0,80.77
2024-04-01,1017,frond,0.0,0.0037,100.0,0.01,100.0,0.04
2024-03-31,1016,taboo,0.0001,0.0749,100.0,15.9,100.0,65.64
2024-03-30,1015,force,0.0032,0.4014,66.0,75.89,77.0,84.87
2024-03-29,1014,realm,0.0002,0.1631,100.0,14.4,100.0,49.52
2024-03-28,1013,speak,0.002,0.4921,80.0,78.88,88.0,87.12
2024-03-27,1012,stung,0.0,0.0872,100.0,0.76,100.0,30.68
2024-03-26,1011,mayor,0.0008,0.3265,79.0,62.53,49.0,42.68
2024-03-25,1010,sally,0.0002,0.3115,100.0,0.06,100.0,19.2
2024-03-24,1009,towel,0.0002,0.2555,55.0,52.14,86.0,73.38
2024-03-23,1008,risen,0.0001,0.088,100.0,4.8,100.0,37.26
2024-03-22,1007,decay,0.0001,0.1051,100.0,26.95,87.0,74.11
2024-03-21,1006,shade,0.0003,0.1823,96.0,60.12,87.0,70.32
2024-03-20,1005,lingo,0.0,0.0724,100.0,6.89,100.0,22.14
2024-03-19,1004,abide,0.0001,0.1232,100.0,17.96,100.0,20.5
2024-03-18,1003,spelt,0.0,0.021,100.0,3.48,100.0,5.18
2024-03-17,1002,snort,0.0,0.0724,100.0,1.03,100.0,26.0
2024-03-16,1001,toxin,0.0,0.0603,100.0,0.36,100.0,42.02
2024-03-15,1000,erupt,0.0,0.0309,100.0,0.94,100.0,37.32
2024-03-14,999,since,0.0107,0.5408,28.0,27.87,11.0,13.44
2024-03-13,998,local,0.0051,0.3528,97.0,72.85,95.0,81.12
2024-03-12,997,heave,0.0,0.1444,100.0,0.48,100.0,5.88
2024-03-11,996,pesky,0.0,0.0661,100.0,0.42,100.0,2.63
2024-03-10,995,grasp,0.0002,0.1614,100.0,40.42,100.0,60.28
2024-03-09,994,cheer,0.0002,0.28,63.0,52.82,88.0,70.46
2024-03-08,993,early,0.0051,0.4409,69.0,70.86,82.0,77.98
2024-03-07,992,clone,0.0001,0.118,64.0,35.9,85.0,75.74
2024-03-06,991,teary,0.0,0.0072,100.0,0.18,68.0,5.18
2024-03-05,990,hunch,0.0,0.2012,100.0,12.28,100.0,14.26
2024-03-04,989,flame,0.0002,0.2167,73.0,65.47,65.0,65.42
2024-03-03,988,state,0.0115,0.4407,70.0,76.93,55.0,53.64
2024-03-02,987,urban,0.0009,0.1627,76.0,66.95,69.0,64.82
2024-03-01,986,forty,0.0003,0.2301,100.0,19.1,100.0,51.13
2024-02-29,985,image,0.0017,0.2972,32.0,31.86,80.0,75.16
2024-02-28,984,devil,0.0004,0.352,79.0,65.32,62.0,63.98
2024-02-27,983,sense,0.003,0.4594,80.0,69.74,96.0,87.57
2024-02-26,982,often,0.0049,0.3821,81.0,71.5,100.0,77.9
2024-02-25,981,smith,0.0015,0.3403,100.0,4.18,81.0,67.03
2024-02-24,980,piper,0.0001,0.3241,100.0,3.36,43.0,28.28
2024-02-23,979,apart,0.0012,0.3638,98.0,65.76,93.0,86.76
2024-02-22,978,heavy,0.0017,0.3643,81.0,71.98,85.0,83.54
2024-02-21,977,build,0.0021,0.3659,94.0,73.12,80.0,75.05
2024-02-20,976,match,0.0026,0.3684,27.0,31.22,8.0,17.56
2024-02-19,975,price,0.0032,0.3755,69.0,67.74,75.0,84.76
2024-02-18,974,ridge,0.0003,0.1963,100.0,12.84,76.0,76.76
2024-02-17,973,psalm,0.0001,0.0387,100.0,5.69,100.0,48.26
2024-02-16,972,stash,0.0001,0.169,100.0,6.29,65.0,39.15
2024-02-15,971,ascot,0.0,0.04,100.0,0.06,100.0,4.28
2024-02-14,970,talon,0.0,0.0697,100.0,2.58,100.0,33.22
2024-02-13,969,scram,0.0,0.1415,100.0,0.16,100.0,7.88
2024-02-12,968,pasta,0.0002,0.1556,71.0,66.51,75.0,78.14
2024-02-11,967,never,0.0155,0.6782,77.0,77.52,88.0,78.0
2024-02-10,966,fried,0.0002,0.2267,85.0,48.17,87.0,66.38
2024-02-09,965,stiff,0.0002,0.2274,50.0,21.72,38.0,28.32
2024-02-08,964,place,0.0098,0.6017,82.0,75.68,92.0,81.84
2024-02-07,963,after,0.0246,0.6134,87.0,75.18,99.0,90.59
2024-02-06,962,which,0.0382,0.5798,83.0,75.71,95.0,79.48
2024-02-05,961,repel,0.0,0.0482,100.0,4.96,100.0,30.68
2024-02-04,960,verge,0.0001,0.1364,100.0,19.01,100.0,28.0
2024-02-03,959,micro,0.0002,0.0424,100.0,38.31,87.0,82.46
2024-02-02,958,cleft,0.0,0.0436,100.0,1.2,100.0,9.67
2024-02-01,957,alive,0.0011,0.4742,79.0,70.1,71.0,72.4
2024-01-31,956,bulky,0.0,0.0387,100.0,4.4,100.0,53.28
2024-01-30,955,expel,0.0,0.0811,100.0,4.28,100.0,16.61
2024-01-29,954,leggy,0.0,0.0171,100.0,0.08,100.0,1.96
2024-01-28,953,ember,0.0,0.0187,100.0,12.03,100.0,42.24
2024-01-27,952,snake,0.0003,0.2961,33.0,52.66,55.0,68.83
2024-01-26,951,aloof,0.0,0.0471,100.0,5.22,100.0,6.06
2024-01-25,950,block,0.0015,0.3502,92.0,77.5,92.0,82.86
2024-01-24,949,relic,0.0,0.0795,100.0,2.65,100.0,42.96
2024-01-23,948,still,0.0159,0.6269,100.0,81.9,90.0,83.26
2024-01-22,947,tweak,0.0,0.0482,100.0,6.62,100.0,19.14
2024-01-21,946,north,0.0042,0.3921,30.0,35.1,78.0,82.42
2024-01-20,945,large,0.0047,0.3522,45.0,52.7,78.0,79.1
2024-01-19,944,thing,0.01,0.6572,82.0,74.2,90.0,88.6
2024-01-18,943,stole,0.0003,0.3751,72.0,54.68,26.0,22.05
2024-01-17,942,court,0.0049,0.4343,100.0,69.82,89.0,77.9
2024-01-16,941,blond,0.0001,0.2291,100.0,12.46,100.0,43.17
2024-01-15,940,lunch,0.0009,0.4374,46.0,62.31,73.0,81.05
2024-01-14,939,doing,0.0076,0.6519,91.0,85.6,87.0,85.16
2024-01-13,938,heard,0.0036,0.5603,95.0,66.26,28.0,28.4
2024-01-12,937,route,0.0009,0.2919,69.0,53.06,79.0,82.67
2024-01-11,936,brief,0.0006,0.2566,73.0,54.84,86.0,68.02
2024-01-10,935,threw,0.0006,0.3508,100.0,11.9,100.0,60.6
2024-01-09,934,liner,0.0001,0.0749,100.0,3.52,99.0,75.58
2024-01-08,933,final,0.0037,0.3689,44.0,42.13,14.0,17.08
2024-01-07,932,stony,0.0,0.0448,100.0,0.1,100.0,30.38
2024-01-06,931,cable,0.0007,0.2935,56.0,62.02,89.0,86.91
2024-01-05,930,lunge,0.0,0.0362,100.0,0.23,100.0,30.02
2024-01-04,929,scant,0.0,0.0202,100.0,0.38,100.0,1.66
2024-01-03,928,twirl,0.0,0.0787,100.0,0.78,100.0,15.82
2024-01-02,927,aging,0.0002,0.1196,100.0,6.52,100.0,56.13
2024-01-01,926,mural,0.0001,0.0661,100.0,15.6,100.0,69.22
2023-12-31,925,salty,0.0001,0.1174,48.0,29.56,100.0,80.5
2023-12-30,924,three,0.0115,0.5918,45.0,47.4,62.0,71.26
2023-12-29,923,child,0.0038,0.4761,60.0,68.69,84.0,84.68
2023-12-28,922,learn,0.0028,0.4495,77.0,77.65,72.0,79.94
2023-12-27,921,daisy,0.0001,0.2513,54.0,24.79,89.0,80.42
2023-12-26,920,phone,0.0038,0.5263,82.0,83.64,94.0,86.88
2023-12-25,919,evoke,0.0,0.0239,100.0,5.33,100.0,17.63
2023-12-24,918,grace,0.0007,0.3541,96.0,72.04,75.0,68.08
2023-12-23,917,slope,0.0002,0.1288,68.0,41.02,24.0,52.06
2023-12-22,916,touch,0.0016,0.47,69.0,68.22,86.0,87.62
2023-12-21,915,built,0.0022,0.3516,72.0,61.72,76.0,83.46
2023-12-20,914,small,0.0062,0.4544,83.0,78.25,70.0,74.24
2023-12-19,913,table,0.0021,0.4388,64.0,65.28,33.0,36.88
2023-12-18,912,funny,0.002,0.5065,79.0,78.11,84.0,77.92
2023-12-17,911,bacon,0.0003,0.24,87.0,52.37,87.0,56.63
2023-12-16,910,globe,0.0004,0.1717,71.0,37.94,82.0,57.36
2023-12-15,909,topic,0.0006,0.1731,66.0,66.38,85.0,79.53
2023-12-14,908,would,0.0355,0.7027,98.0,71.74,86.0,68.48
2023-12-13,907,spent,0.002,0.4007,100.0,55.11,90.0,76.25
2023-12-12,906,these,0.021,0.6397,99.0,72.97,89.0,65.96
2023-12-11,905,house,0.0098,0.5867,86.0,81.73,75.0,79.16
2023-12-10,904,chain,0.0009,0.2914,75.0,66.32,88.0,87.36
2023-12-09,903,shift,0.0007,0.2979,69.0,66.69,93.0,75.6
2023-12-08,902,sharp,0.0006,0.3016,76.0,60.56,92.0,88.08
2023-12-07,901,sleep,0.0021,0.5106,88.0,81.22,96.0,89.54
2023-12-06,900,woman,0.0043,0.571,87.0,81.26,77.0,75.89
2023-12-05,899,young,0.0051,0.5166,87.0,76.6,66.0,69.64
2023-12-04,898,worst,0.0016,0.3805,93.0,73.56,66.0,66.26
2023-12-03,897,adapt,0.0002,0.1211,91.0,51.92,73.0,67.06
2023-12-02,896,genre,0.0003,0.0679,100.0,29.76,91.0,52.37
2023-12-01,895,taken,0.0041,0.4641,92.0,71.62,72.0,69.41
2023-11-30,894,resin,0.0001,0.0436,100.0,6.14,100.0,56.5
2023-11-29,893,sushi,0.0001,0.1576,86.0,67.69,60.0,75.42
2023-11-28,892,scope,0.0003,0.1775,100.0,60.38,100.0,77.1
2023-11-27,891,tawny,0.0,0.0471,100.0,0.06,100.0,3.16
2023-11-26,890,solid,0.001,0.2841,61.0,49.81,62.0,63.2
2023-11-25,889,guide,0.0011,0.2759,53.0,67.38,79.0,82.98
2023-11-24,888,throw,0.0013,0.4573,73.0,69.74,77.0,66.0
2023-11-23,887,queen,0.0014,0.3777,65.0,63.14,33.0,39.54
2023-11-22,886,pixel,0.0001,0.0123,78.0,57.46,53.0,47.6
2023-11-21,885,piano,0.0004,0.3056,87.0,70.6,89.0,81.59
2023-11-20,884,candy,0.0004,0.3387,41.0,47.82,59.0,54.87
2023-11-19,883,queue,0.0001,0.0732,100.0,25.84,100.0,36.77
2023-11-18,882,think,0.0229,0.7422,70.0,74.18,66.0,74.42
2023-11-17,881,tardy,0.0,0.0715,100.0,2.28,100.0,8.12
2023-11-16,880,trust,0.0026,0.4875,89.0,82.6,85.0,80.03
2023-11-15,879,sight,0.0007,0.3604,100.0,60.78,54.0,44.58
2023-11-14,878,sassy,0.0,0.1353,100.0,22.47,100.0,45.88
2023-11-13,877,green,0.0026,0.4038,82.0,77.76,78.0,80.6
2023-11-12,876,meant,0.0017,0.4375,100.0,55.14,89.0,79.9
2023-11-11,875,actor,0.0009,0.3108,33.0,30.38,70.0,65.74
2023-11-10,874,leash,0.0001,0.1565,100.0,6.64,100.0,67.94
2023-11-09,873,glaze,0.0,0.0593,100.0,0.84,100.0,67.79
2023-11-08,872,ninja,0.0001,0.1196,49.0,21.34,37.0,39.89
2023-11-07,871,limit,0.001,0.2481,90.0,70.02,52.0,50.45
2023-11-06,870,trade,0.0025,0.3373,81.0,71.27,51.0,47.36
2023-11-05,869,flare,0.0001,0.1553,100.0,17.15,58.0,41.8
2023-11-04,868,mania,0.0001,0.0661,100.0,7.44,100.0,65.5
2023-11-03,867,ardor,0.0,0.0123,100.0,0.7,100.0,5.26
2023-11-02,866,until,0.0078,0.537,94.0,74.1,92.0,80.76
2023-11-01,865,noise,0.0007,0.3364,83.0,66.0,88.0,86.44
2023-10-31,864,bleak,0.0001,0.0688,100.0,9.74,100.0,15.31
2023-10-30,863,grail,0.0001,0.1227,100.0,0.38,100.0,12.52
2023-10-29,862,phony,0.0,0.209,100.0,3.48,100.0,8.16
2023-10-28,861,mason,0.0003,0.2538,100.0,11.86,49.0,46.9
2023-10-27,860,noble,0.0003,0.2581,100.0,33.95,93.0,84.64
2023-10-26,859,pique,0.0,0.021,100.0,6.71,100.0,16.95
2023-10-25,858,retry,0.0,0.009,100.0,2.84,100.0,33.76
2023-10-24,857,cause,0.0043,0.5394,88.0,63.22,72.0,68.86
2023-10-23,856,tempo,0.0001,0.093,83.0,69.52,74.0,68.54
2023-10-22,855,given,0.0049,0.429,86.0,74.19,66.0,72.04
2023-10-21,854,smirk,0.0,0.0552,100.0,7.36,100.0,15.13
2023-10-20,853,occur,0.0006,0.2003,100.0,25.26,91.0,61.12
2023-10-19,852,splat,0.0,0.0573,100.0,0.2,100.0,12.58
2023-10-18,851,mercy,0.0003,0.3073,100.0,55.96,58.0,53.84
2023-10-17,850,adult,0.0012,0.2563,93.0,76.32,93.0,84.2
2023-10-16,849,graph,0.0002,0.0526,86.0,54.5,90.0,63.5
2023-10-15,848,leaky,0.0,0.0697,100.0,0.5,100.0,50.69
2023-10-14,847,agent,0.0012,0.4361,58.0,63.33,44.0,58.38
2023-10-13,846,uncle,0.0005,0.4537,75.0,69.24,72.0,74.82
2023-10-12,845,knelt,0.0,0.0296,100.0,0.14,100.0,1.3
2023-10-11,844,skunk,0.0,0.136,100.0,2.44,100.0,43.08
2023-10-10,843,snail,0.0001,0.0954,100.0,45.33,80.0,76.06
2023-10-09,842,truth,0.0021,0.4946,75.0,74.0,62.0,64.44
2023-10-08,841,binge,0.0001,0.0613,100.0,22.41,91.0,62.03
2023-10-07,840,viola,0.0001,0.1293,100.0,17.22,100.0,48.05
2023-10-06,839,chime,0.0,0.0613,100.0,4.54,81.0,63.08
2023-10-05,838,bunch,0.0007,0.3845,100.0,34.67,61.0,50.42
2023-10-04,837,spurt,0.0,0.0296,100.0,0.44,100.0,10.2
2023-10-03,836,while,0.0138,0.5506,97.0,76.56,92.0,85.13
2023-10-02,835,merry,0.0001,0.3469,100.0,49.75,82.0,63.38
2023-10-01,834,beret,0.0,0.0623,100.0,0.53,100.0,14.08
2023-09-30,833,daddy,0.0004,0.4911,34.0,30.1,57.0,53.88
2023-09-29,832,azure,0.0,0.0239,100.0,1.38,100.0,38.8
2023-09-28,831,coach,0.0017,0.365,84.0,73.36,54.0,62.24
2023-09-27,830,smile,0.0008,0.3832,79.0,84.08,80.0,84.3
2023-09-26,829,loyal,0.0003,0.241,100.0,61.32,22.0,17.2
2023-09-25,828,rocky,0.0003,0.2652,100.0,51.1,40.0,38.52
2023-09-24,827,right,0.0174,0.7796,80.0,77.19,78.0,83.66
2023-09-23,826,carol,0.0002,0.3188,100.0,5.1,32.0,26.14
2023-09-22,825,brush,0.0003,0.2555,88.0,62.76,80.0,86.14
2023-09-21,824,stone,0.0012,0.3504,67.0,62.64,57.0,60.85
2023-09-20,823,snare,0.0,0.0531,100.0,0.62,100.0,21.44
2023-09-19,822,close,0.0044,0.507,96.0,76.62,83.0,87.6
2023-09-18,821,frank,0.0011,0.4771,100.0,32.24,43.0,45.29
2023-09-17,820,music,0.0063,0.4725,93.0,79.41,87.0,84.36
2023-09-16,819,angel,0.0005,0.4109,90.0,85.36,81.0,75.36
2023-09-15,818,exert,0.0,0.0482,100.0,3.46,100.0,10.42
2023-09-14,817,rayon,0.0,0.0254,100.0,1.29,100.0,12.04
2023-09-13,816,clear,0.0034,0.4841,84.0,71.9,90.0,87.04
2023-09-12,815,whisk,0.0,0.0424,100.0,1.61,100.0,28.06
2023-09-11,814,older,0.0016,0.3531,96.0,66.47,82.0,82.7
2023-09-10,813,quote,0.0006,0.2216,72.0,75.74,72.0,73.92
2023-09-09,812,lucky,0.0011,0.4673,65.0,60.0,86.0,77.34
2023-09-08,811,rouse,0.0,0.0613,100.0,0.26,100.0,6.27
2023-09-07,810,dwell,0.0001,0.125,100.0,12.58,100.0,27.33
2023-09-06,809,gnash,0.0,0.009,100.0,0.05,100.0,0.06
2023-09-05,808,birch,0.0001,0.088,100.0,0.98,100.0,57.18
2023-09-04,807,giddy,0.0,0.0961,100.0,7.08,100.0,12.86
2023-09-03,806,await,0.0001,0.1424,100.0,2.58,100.0,50.96
2023-09-02,805,onion,0.0001,0.1556,59.0,52.21,70.0,70.52
2023-09-01,804,space,0.0032,0.3952,75.0,72.88,74.0,73.12
2023-08-31,803,bride,0.0002,0.3033,60.0,59.52,70.0,74.47
2023-08-30,802,audio,0.0006,0.1769,100.0,83.19,92.0,87.36
2023-08-29,801,caper,0.0,0.0954,100.0,0.88,100.0,8.32
2023-08-28,800,write,0.002,0.4558,63.0,67.76,70.0,70.4
2023-08-27,799,peace,0.002,0.4,100.0,76.5,90.0,83.96
2023-08-26,798,choir,0.0001,0.1731,100.0,20.78,63.0,41.22
2023-08-25,797,ocean,0.001,0.3236,46.0,41.8,29.0,30.1
2023-08-24,796,wordy,0.0,0.0139,100.0,1.09,100.0,3.62
2023-08-23,795,verve,0.0,0.0202,100.0,0.11,100.0,3.16
2023-08-22,794,spice,0.0002,0.1728,76.0,63.92,68.0,65.11
2023-08-21,793,beach,0.0016,0.3809,88.0,77.12,72.0,70.04
2023-08-20,792,quest,0.0004,0.1882,100.0,48.16,84.0,81.63
2023-08-19,791,magma,0.0,0.0282,100.0,3.26,100.0,22.55
2023-08-18,790,exact,0.0006,0.2972,90.0,60.48,68.0,65.22
2023-08-17,789,amiss,0.0,0.0526,100.0,1.19,100.0,2.33
2023-08-16,788,scrub,0.0001,0.186,100.0,26.36,88.0,79.97
2023-08-15,787,index,0.0007,0.1057,96.0,71.47,76.0,71.26
2023-08-14,786,snaky,0.0,0.0037,100.0,0.04,100.0,0.04
2023-08-13,785,wrath,0.0001,0.1493,100.0,13.32,100.0,53.76
2023-08-12,784,quick,0.0018,0.4414,65.0,73.78,87.0,86.58
2023-08-11,783,hello,0.001,0.599,84.0,86.22,83.0,87.39
2023-08-10,782,empty,0.0007,0.3642,61.0,61.36,88.0,83.26
2023-08-09,781,lover,0.0003,0.3119,75.0,67.55,84.0,78.58
2023-08-08,780,bully,0.0001,0.1979,72.0,46.06,63.0,60.83
2023-08-07,779,brook,0.0001,0.1045,100.0,4.58,42.0,27.22
2023-08-06,778,polyp,0.0,0.021,100.0,0.0,100.0,7.72
2023-08-05,777,anode,0.0,0.0139,100.0,0.06,100.0,2.56
2023-08-04,776,chart,0.0006,0.2207,58.0,70.89,88.0,84.27
2023-08-03,775,party,0.0059,0.5127,57.0,75.75,74.0,80.1
2023-08-02,774,beget,0.0,0.0254,100.0,0.27,100.0,0.84
2023-08-01,773,tenth,0.0002,0.1542,66.0,1.58,35.0,41.52
2023-07-31,772,style,0.0025,0.3229,40.0,50.21,81.0,87.75
2023-07-30,771,bathe,0.0,0.118,100.0,2.14,100.0,18.68
2023-07-29,770,curly,0.0001,0.1796,70.0,54.29,97.0,80.5
2023-07-28,769,ethos,0.0,0.0123,100.0,1.64,100.0,9.53
2023-07-27,768,disco,0.0001,0.1796,88.0,65.96,66.0,64.6
2023-07-26,767,heart,0.0039,0.517,65.0,71.42,65.0,62.34
2023-07-25,766,wheel,0.0006,0.3133,47.0,54.1,87.0,89.22
2023-07-24,765,hobby,0.0002,0.1947,69.0,66.1,77.0,73.21
2023-07-23,764,whale,0.0002,0.2354,31.0,27.78,15.0,16.68
2023-07-22,763,froze,0.0001,0.1556,100.0,0.81,100.0,29.81
2023-07-21,762,burly,0.0,0.0268,100.0,0.26,100.0,3.34
2023-07-20,761,flank,0.0001,0.1624,100.0,2.3,100.0,34.18
2023-07-19,760,tonic,0.0,0.1478,100.0,19.28,58.0,48.76
2023-07-18,759,flyer,0.0001,0.139,100.0,21.9,85.0,75.33
2023-07-17,758,droop,0.0,0.0268,100.0,0.4,100.0,7.7
2023-07-16,757,topaz,0.0,0.0651,100.0,1.16,100.0,21.32
2023-07-15,756,crone,0.0,0.0336,100.0,0.12,100.0,1.06
2023-07-14,755,fiend,0.0,0.1254,100.0,2.06,100.0,8.39
2023-07-13,754,barge,0.0001,0.149,100.0,2.68,100.0,32.16
2023-07-12,753,whirl,0.0,0.0951,100.0,0.87,100.0,14.52
2023-07-11,752,earth,0.0022,0.4332,57.0,61.22,50.0,57.76
2023-07-10,751,folly,0.0,0.0842,100.0,3.23,100.0,16.6
2023-07-09,750,enter,0.0012,0.3219,78.0,73.16,75.0,83.2
2023-07-08,749,cower,0.0,0.0254,100.0,0.34,100.0,1.3
2023-07-07,748,donut,0.0,0.0827,100.0,8.98,29.0,21.44
2023-07-06,747,windy,0.0001,0.1211,37.0,27.7,14.0,12.22
2023-07-05,746,venom,0.0001,0.113,100.0,48.52,84.0,61.48
2023-07-04,745,irate,0.0,0.0448,100.0,3.3,100.0,4.27
2023-07-03,744,hotel,0.0017,0.4366,97.0,83.91,92.0,79.91
2023-07-02,743,mossy,0.0,0.0037,100.0,0.1,100.0,12.55
2023-07-01,742,bleep,0.0,0.1222,100.0,0.08,100.0,3.82
2023-06-30,741,straw,0.0002,0.186,79.0,63.94,79.0,68.08
2023-06-29,740,diner,0.0001,0.2438,100.0,29.65,57.0,60.12
2023-06-28,739,tract,0.0001,0.0834,100.0,1.54,100.0,32.01
2023-06-27,738,about,0.0479,0.7703,61.0,70.67,70.0,81.05
2023-06-26,737,guest,0.0007,0.3488,87.0,71.9,83.0,74.22
2023-06-25,736,rodeo,0.0001,0.1766,100.0,3.9,61.0,42.35
2023-06-24,735,grand,0.0016,0.3908,95.0,84.28,35.0,32.22
2023-06-23,734,covet,0.0,0.0623,100.0,2.04,100.0,7.07
2023-06-22,733,taste,0.001,0.3718,86.0,68.04,75.0,80.31
2023-06-21,732,crane,0.0002,0.333,100.0,36.44,100.0,72.54
2023-06-20,731,frost,0.0002,0.1652,100.0,49.86,63.0,67.56
2023-06-19,730,kazoo,0.0,0.0448,100.0,0.09,100.0,2.66
2023-06-18,729,shyly,0.0,0.0139,100.0,0.18,100.0,0.24
2023-06-17,728,ranch,0.0002,0.2744,100.0,20.47,93.0,79.64
2023-06-16,727,strap,0.0001,0.1708,100.0,30.48,83.0,75.38
2023-06-15,726,maybe,0.0054,0.642,100.0,57.38,75.0,73.11
2023-06-14,725,crime,0.0015,0.4022,74.0,65.21,92.0,86.12
2023-06-13,724,plunk,0.0,0.0123,100.0,0.09,100.0,0.17
2023-06-12,723,wrong,0.0047,0.5884,72.0,72.38,78.0,84.5
2023-06-11,722,guard,0.001,0.3835,100.0,68.34,92.0,82.11
2023-06-10,721,again,0.0096,0.6274,100.0,79.08,33.0,31.1
2023-06-09,720,balsa,0.0,0.0106,100.0,0.22,100.0,3.31
2023-06-08,719,crumb,0.0,0.0968,100.0,0.24,98.0,40.56
2023-06-07,718,hater,0.0,0.0459,100.0,7.4,100.0,22.14
2023-06-06,717,scout,0.0002,0.2472,77.0,56.58,55.0,61.48
2023-06-05,716,ennui,0.0,0.0296,100.0,0.18,100.0,0.2
2023-06-04,715,beast,0.0004,0.3045,84.0,45.82,45.0,38.71
2023-06-03,714,nanny,0.0001,0.2288,100.0,13.86,73.0,60.46
2023-06-02,713,humid,0.0001,0.0593,100.0,14.4,100.0,48.3
2023-06-01,712,jazzy,0.0,0.0375,100.0,0.08,100.0,27.26
2023-05-31,711,agile,0.0,0.0309,100.0,19.15,100.0,58.94
2023-05-30,710,kneel,0.0,0.1734,100.0,7.04,100.0,17.55
2023-05-29,709,mouse,0.0004,0.2821,54.0,57.33,62.0,72.1
2023-05-28,708,skimp,0.0,0.021,100.0,0.12,100.0,1.02
2023-05-27,707,ramen,0.0,0.0,100.0,33.12,100.0,51.04
2023-05-26,706,swine,0.0001,0.159,100.0,1.99,100.0,26.3
2023-05-25,705,bagel,0.0,0.1317,100.0,5.36,76.0,61.62
2023-05-24,704,utter,0.0001,0.169,100.0,11.46,100.0,17.17
2023-05-23,703,clerk,0.0002,0.2473,100.0,41.75,50.0,37.66
2023-05-22,702,igloo,0.0,0.0239,84.0,13.26,100.0,53.12
2023-05-21,701,brash,0.0,0.0323,100.0,1.58,100.0,4.36
2023-05-20,700,flask,0.0,0.0706,100.0,6.6,85.0,80.85
2023-05-19,699,grief,0.0002,0.2321,100.0,40.09,100.0,77.13
2023-05-18,698,shorn,0.0,0.021,100.0,0.04,100.0,0.02
2023-05-17,697,plank,0.0001,0.1045,100.0,11.03,100.0,79.89
2023-05-16,696,latte,0.0,0.1153,100.0,27.55,89.0,77.84
2023-05-15,695,canoe,0.0001,0.1428,100.0,3.82,100.0,41.11
2023-05-14,694,scarf,0.0001,0.1634,80.0,38.42,38.0,45.36
2023-05-13,693,acrid,0.0,0.0037,100.0,0.44,100.0,0.3
2023-05-12,692,snack,0.0002,0.2177,79.0,61.62,92.0,86.76
2023-05-11,691,broom,0.0001,0.1645,85.0,34.39,52.0,45.88
2023-05-10,690,ethic,0.0001,0.067,100.0,14.51,100.0,26.52
2023-05-09,689,cocoa,0.0001,0.1687,100.0,7.18,84.0,62.94
2023-05-08,688,aglow,0.0,0.0362,100.0,0.05,100.0,1.3
2023-05-07,687,ghoul,0.0,0.0661,100.0,5.86,100.0,27.9
2023-05-06,686,anger,0.0005,0.2835,81.0,72.7,89.0,88.72
2023-05-05,685,below,0.0021,0.3165,75.0,62.58,71.0,76.82
2023-05-04,684,guppy,0.0,0.0282,100.0,0.21,100.0,10.76
2023-05-03,683,horde,0.0,0.0715,100.0,1.38,100.0,9.16
2023-05-02,682,sulky,0.0,0.0171,100.0,0.74,100.0,3.76
2023-05-01,681,range,0.0025,0.2977,100.0,69.33,100.0,92.02
2023-04-30,680,plaza,0.0002,0.1815,100.0,34.66,92.0,77.91
2023-04-29,679,cedar,0.0001,0.1174,100.0,2.78,100.0,71.11
2023-04-28,678,circa,0.0001,0.0493,100.0,2.42,100.0,11.64
2023-04-27,677,logic,0.0004,0.1919,100.0,47.45,87.0,76.13
2023-04-26,676,metro,0.0003,0.1607,100.0,35.26,70.0,70.54
2023-04-25,675,joker,0.0001,0.1614,49.0,52.7,32.0,38.22
2023-04-24,674,ditto,0.0,0.0923,100.0,20.58,64.0,34.2
2023-04-23,673,unzip,0.0,0.0563,100.0,0.14,96.0,74.7
2023-04-22,672,broke,0.0014,0.4382,100.0,69.01,94.0,80.46
2023-04-21,671,kayak,0.0,0.0387,100.0,33.78,100.0,71.72
2023-04-20,670,plate,0.0007,0.3085,95.0,68.04,100.0,61.9
2023-04-19,669,thump,0.0,0.1013,100.0,0.5,100.0,14.08
2023-04-18,668,hound,0.0001,0.169,100.0,10.76,93.0,62.2
2023-04-17,667,whiff,0.0,0.1174,100.0,0.37,100.0,2.33
2023-04-16,666,dwelt,0.0,0.009,100.0,0.04,100.0,0.04
2023-04-15,665,agony,0.0001,0.1464,100.0,24.3,100.0,35.34
2023-04-14,664,thief,0.0001,0.3035,100.0,41.7,89.0,73.7
2023-04-13,663,carat,0.0,0.0282,100.0,0.9,100.0,37.32
2023-04-12,662,borax,0.0,0.009,100.0,0.18,100.0,3.2
2023-04-11,661,qualm,0.0,0.0037,100.0,0.4,100.0,0.82
2023-04-10,660,under,0.0103,0.5236,88.0,79.77,79.0,79.78
2023-04-09,659,snafu,0.0,0.04,100.0,0.08,100.0,0.08
2023-04-08,658,ledge,0.0,0.1415,100.0,7.74,100.0,41.54
2023-04-07,657,locus,0.0,0.0268,100.0,4.36,100.0,3.67
2023-04-06,656,leafy,0.0,0.0362,100.0,0.14,100.0,19.66
2023-04-05,655,smash,0.0002,0.209,55.0,31.82,78.0,74.03
2023-04-04,654,ratio,0.0004,0.1353,93.0,58.42,90.0,82.92
2023-04-03,653,flora,0.0001,0.1105,100.0,37.13,100.0,70.06
2023-04-02,652,stock,0.0016,0.3079,46.0,66.16,30.0,59.12
2023-04-01,651,march,0.0035,0.3025,18.0,9.38,33.0,16.71
2023-03-31,650,every,0.0118,0.593,86.0,81.24,90.0,87.86
2023-03-30,649,bread,0.0006,0.3175,71.0,63.53,58.0,61.58
2023-03-29,648,beset,0.0,0.0225,100.0,0.1,100.0,0.45
2023-03-28,647,hurry,0.0003,0.4851,100.0,62.31,86.0,70.35
2023-03-27,646,guano,0.0,0.0309,100.0,0.04,100.0,0.94
2023-03-26,645,untie,0.0,0.1711,100.0,0.57,100.0,8.87
2023-03-25,644,voter,0.0002,0.0552,100.0,33.26,17.0,16.79
2023-03-24,643,grout,0.0,0.0296,100.0,0.32,100.0,29.68
2023-03-23,642,staid,0.0,0.0055,100.0,0.02,100.0,0.02
2023-03-22,641,duvet,0.0,0.0202,100.0,3.05,100.0,33.72
2023-03-21,640,tough,0.0011,0.4244,100.0,57.36,98.0,81.8
2023-03-20,639,glove,0.0001,0.2262,0.0,24.54,47.0,41.96
2023-03-19,638,credo,0.0,0.0482,100.0,4.34,100.0,4.97
2023-03-18,637,yacht,0.0001,0.2087,100.0,32.77,100.0,58.21
2023-03-17,636,mealy,0.0,0.0139,100.0,0.03,100.0,1.04
2023-03-16,635,cider,0.0001,0.1,100.0,6.04,60.0,61.79
2023-03-15,634,sweep,0.0002,0.221,86.0,56.64,77.0,63.89
2023-03-14,633,surly,0.0,0.0504,100.0,0.6,100.0,3.86
2023-03-13,632,blame,0.0008,0.3844,100.0,59.85,94.0,74.01
2023-03-12,631,birth,0.0011,0.3149,62.0,62.56,71.0,74.25
2023-03-11,630,email,0.0009,0.1057,66.0,74.68,57.0,79.11
2023-03-10,629,revel,0.0,0.0552,100.0,5.01,100.0,15.46
2023-03-09,628,where,0.0191,0.7059,75.0,69.08,58.0,61.64
2023-03-08,627,regal,0.0,0.0715,100.0,7.98,44.0,40.7
2023-03-07,626,horse,0.0011,0.4268,69.0,75.54,70.0,75.0
2023-03-06,625,pinky,0.0,0.1763,100.0,4.54,71.0,47.1
2023-03-05,624,toxic,0.0003,0.1668,83.0,73.62,82.0,74.48
2023-03-04,623,trend,0.0006,0.1057,58.0,60.26,67.0,74.65
2023-03-03,622,squat,0.0001,0.1335,60.0,25.91,69.0,48.34
2023-03-02,621,above,0.003,0.3674,93.0,75.74,93.0,73.05
2023-03-01,620,moose,0.0001,0.1763,90.0,26.24,61.0,55.3
2023-02-28,619,polka,0.0,0.1158,100.0,2.12,100.0,33.38
2023-02-27,618,worse,0.0015,0.4319,100.0,44.84,100.0,71.65
2023-02-26,617,syrup,0.0001,0.1699,100.0,62.4,84.0,73.05
2023-02-25,616,fifty,0.0004,0.2807,93.0,62.48,100.0,82.86
2023-02-24,615,arbor,0.0001,0.0531,100.0,0.44,100.0,22.84
2023-02-23,614,vague,0.0001,0.1607,100.0,32.71,100.0,38.0
2023-02-22,613,riper,0.0,0.0055,100.0,0.0,100.0,1.15
2023-02-21,612,ruddy,0.0,0.0504,100.0,0.18,100.0,2.02
2023-02-20,611,sweat,0.0003,0.2941,90.0,54.9,68.0,74.86
2023-02-19,610,kiosk,0.0,0.0349,100.0,8.77,100.0,57.4
2023-02-18,609,avail,0.0001,0.0573,100.0,11.04,100.0,16.98
2023-02-17,608,cache,0.0001,0.0448,100.0,11.09,100.0,56.6
2023-02-16,607,magic,0.0011,0.3743,92.0,74.04,72.0,67.0
2023-02-15,606,salsa,0.0001,0.1075,77.0,54.21,35.0,38.48
2023-02-14,605,sound,0.0027,0.4673,82.0,72.69,90.0,89.53
2023-02-13,604,usage,0.0003,0.0387,100.0,41.97,100.0,74.09
2023-02-12,603,giant,0.0008,0.3133,100.0,66.04,78.0,73.14
2023-02-11,602,debug,0.0,0.0171,100.0,2.35,100.0,57.02
2023-02-10,601,heady,0.0,0.0309,100.0,0.06,100.0,1.1
2023-02-09,600,stage,0.0024,0.3609,78.0,65.52,77.0,71.87
2023-02-08,599,flail,0.0,0.0156,100.0,0.25,100.0,2.54
2023-02-07,598,apple,0.0011,0.3012,56.0,57.39,41.0,47.44
2023-02-06,597,ninth,0.0002,0.19,100.0,2.24,100.0,50.56
2023-02-05,596,dance,0.0016,0.4702,86.0,80.94,81.0,69.49
2023-02-04,595,unlit,0.0,0.0055,100.0,0.08,100.0,1.63
2023-02-03,594,tasty,0.0001,0.1869,100.0,22.08,94.0,78.0
2023-02-02,593,shirk,0.0,0.021,100.0,0.87,100.0,1.81
2023-02-01,592,scold,0.0,0.0787,100.0,13.63,100.0,13.59
2023-01-31,591,cross,0.0019,0.3783,91.0,70.79,97.0,89.34
2023-01-30,590,crave,0.0001,0.1057,100.0,30.68,75.0,47.83
2023-01-29,589,fishy,0.0,0.1254,100.0,17.7,100.0,50.08
2023-01-28,588,flirt,0.0001,0.1497,100.0,47.8,100.0,68.93
2023-01-27,587,worry,0.0013,0.5321,86.0,61.8,11.0,18.78
2023-01-26,586,beefy,0.0,0.0254,100.0,0.11,100.0,11.66
2023-01-25,585,maize,0.0,0.0156,100.0,1.7,100.0,13.38
2023-01-24,584,count,0.0013,0.4238,63.0,58.34,75.0,67.69
2023-01-23,583,elude,0.0,0.0323,100.0,3.18,100.0,3.5
2023-01-22,582,matey,0.0,0.0741,100.0,0.05,100.0,0.23
2023-01-21,581,blurb,0.0,0.021,100.0,0.72,100.0,5.44
2023-01-20,580,alter,0.0002,0.1649,71.0,40.26,76.0,60.69
2023-01-19,579,mucky,0.0,0.0156,100.0,0.1,100.0,2.19
2023-01-18,578,chard,0.0,0.009,100.0,0.1,100.0,4.55
2023-01-17,577,adopt,0.0003,0.1631,78.0,60.78,73.0,67.32
2023-01-16,576,frock,0.0,0.0573,100.0,0.4,100.0,28.46
2023-01-15,575,spire,0.0,0.009,100.0,0.11,100.0,18.18
2023-01-14,574,koala,0.0,0.0448,100.0,23.1,100.0,57.27
2023-01-13,573,human,0.0043,0.4543,84.0,76.25,87.0,81.54
2023-01-12,572,leapt,0.0,0.0593,100.0,0.14,100.0,1.34
2023-01-11,571,sedan,0.0001,0.0954,100.0,1.63,100.0,46.03
2023-01-10,570,grimy,0.0,0.0387,100.0,0.56,100.0,1.08
2023-01-09,569,pixie,0.0,0.0563,100.0,0.84,100.0,47.58
2023-01-08,568,opera,0.0004,0.2722,100.0,59.86,83.0,71.82
2023-01-07,567,lemon,0.0002,0.2412,80.0,67.27,78.0,73.62
2023-01-06,566,belie,0.0,0.0156,100.0,0.12,100.0,0.07
2023-01-05,565,sleek,0.0,0.0573,100.0,2.94,100.0,26.71
2023-01-04,564,layer,0.0005,0.1456,100.0,57.28,90.0,80.37
2023-01-03,563,antic,0.0,0.0072,100.0,0.12,100.0,8.5
2023-01-02,562,skirt,0.0002,0.225,56.0,63.58,67.0,73.68
2023-01-01,561,whine,0.0,0.0909,100.0,4.54,100.0,16.83
2022-12-31,560,manly,0.0001,0.152,100.0,1.54,66.0,33.01
2022-12-30,559,molar,0.0,0.0387,100.0,1.7,78.0,66.48
2022-12-29,558,havoc,0.0001,0.0803,100.0,16.11,100.0,19.91
2022-12-28,557,impel,0.0,0.0055,100.0,0.21,100.0,0.82
2022-12-27,556,condo,0.0001,0.1553,100.0,2.29,100.0,52.8
2022-12-26,555,judge,0.0017,0.4125,75.0,64.12,16.0,26.16
2022-12-25,554,extra,0.0018,0.385,49.0,70.36,60.0,60.7
2022-12-24,553,poise,0.0,0.0697,100.0,5.43,100.0,9.76
2022-12-23,552,aorta,0.0,0.0872,100.0,0.96,100.0,22.36
2022-12-22,551,excel,0.0001,0.0515,75.0,73.39,78.0,73.64
2022-12-21,550,lunar,0.0001,0.1051,31.0,7.45,4.0,3.71
2022-12-20,549,third,0.004,0.4064,71.0,66.25,77.0,81.96
2022-12-19,548,slate,0.0001,0.1357,92.0,51.68,99.0,78.76
2022-12-18,547,taper,0.0,0.0156,100.0,8.68,100.0,62.74
2022-12-17,546,chord,0.0001,0.0974,100.0,35.15,99.0,73.69
2022-12-16,545,probe,0.0002,0.1586,100.0,35.32,85.0,58.49
2022-12-15,544,rival,0.0003,0.147,100.0,34.56,85.0,69.54
2022-12-14,543,usual,0.0008,0.3424,58.0,37.18,85.0,66.89
2022-12-13,542,spoke,0.0008,0.3458,100.0,60.52,100.0,74.14
2022-12-12,541,apply,0.0012,0.2446,100.0,59.29,86.0,83.22
2022-12-11,540,naive,0.0001,0.1887,100.0,10.82,100.0,13.95
2022-12-10,539,knock,0.0004,0.3932,77.0,51.96,70.0,61.85
2022-12-09,538,braid,0.0,0.0623,100.0,2.97,92.0,69.68
2022-12-08,537,infer,0.0,0.0424,100.0,11.1,100.0,11.74
2022-12-07,536,joust,0.0,0.0715,100.0,0.12,100.0,1.38
2022-12-06,535,amber,0.0002,0.2189,39.0,13.61,4.0,8.38
2022-12-05,534,woken,0.0,0.0857,100.0,0.1,100.0,4.7
2022-12-04,533,adore,0.0001,0.2036,88.0,42.44,100.0,66.18
2022-12-03,532,torso,0.0,0.0981,96.0,5.81,56.0,29.82
2022-12-02,531,chafe,0.0,0.021,100.0,0.28,100.0,1.88
2022-12-01,530,eject,0.0,0.0827,97.0,5.9,100.0,60.4
2022-11-30,529,study,0.0035,0.3677,92.0,72.38,82.0,74.4
2022-11-29,528,undue,0.0,0.0424,100.0,1.0,100.0,2.18
2022-11-28,527,tepid,0.0,0.0202,100.0,1.48,100.0,2.13
2022-11-27,526,happy,0.0043,0.5461,37.0,40.66,22.0,25.64
2022-11-26,525,clean,0.0018,0.4516,57.0,73.06,82.0,85.96
2022-11-25,524,itchy,0.0,0.1113,100.0,8.46,77.0,85.26
2022-11-24,523,feast,0.0002,0.1919,100.0,44.77,58.0,49.54
2022-11-23,522,drive,0.0026,0.4734,74.0,71.27,79.0,87.58
2022-11-22,521,prime,0.0012,0.2781,64.0,57.42,49.0,45.23
2022-11-21,520,axiom,0.0,0.0123,100.0,0.54,100.0,2.88
2022-11-20,519,brave,0.0004,0.3277,68.0,70.76,73.0,77.97
2022-11-19,518,avert,0.0,0.0436,100.0,2.92,100.0,3.98
2022-11-18,517,glyph,0.0,0.009,100.0,0.06,100.0,1.04
2022-11-17,516,there,0.039,0.7872,99.0,75.55,87.0,87.96
2022-11-16,515,baker,0.0003,0.2525,100.0,50.13,43.0,38.26
2022-11-15,514,snarl,0.0,0.04,100.0,0.1,100.0,1.92
2022-11-14,513,maple,0.0001,0.1357,100.0,29.44,33.0,35.15
2022-11-13,512,inane,0.0,0.0336,100.0,0.14,100.0,0.41
2022-11-12,511,valet,0.0,0.1708,100.0,14.94,30.0,12.71
2022-11-11,510,medal,0.0005,0.2379,100.0,16.52,4.0,5.92
2022-11-10,509,unite,0.0002,0.1307,85.0,46.55,74.0,67.7
2022-11-09,508,rainy,0.0001,0.1474,99.0,56.04,56.0,67.1
2022-11-08,507,spell,0.0004,0.3409,73.0,73.66,84.0,83.92
2022-11-07,506,begin,0.0013,0.3815,86.0,62.38,89.0,73.36
2022-11-06,505,stale,0.0001,0.1284,100.0,16.95,100.0,34.06
2022-11-05,504,dream,0.0016,0.4604,49.0,54.72,38.0,36.23
2022-11-04,503,photo,0.0018,0.298,87.0,83.74,78.0,76.36
2022-11-03,502,aloud,0.0001,0.0981,100.0,12.13,100.0,40.27
2022-11-02,501,inept,0.0,0.0573,100.0,2.84,100.0,3.8
2022-11-01,500,piney,0.0,0.0139,100.0,0.07,100.0,1.6
2022-10-31,499,aptly,0.0,0.0309,100.0,0.4,100.0,1.01
2022-10-30,498,waltz,0.0,0.1755,100.0,1.05,100.0,41.7
2022-10-29,497,libel,0.0,0.0697,100.0,1.25,100.0,3.48
2022-10-28,496,sneak,0.0002,0.271,77.0,15.64,100.0,49.48
2022-10-27,495,carry,0.0015,0.395,100.0,72.14,70.0,70.94
2022-10-26,494,flout,0.0,0.0171,100.0,0.04,100.0,0.02
2022-10-25,493,foggy,0.0,0.0779,100.0,13.49,100.0,52.81
2022-10-24,492,fault,0.0008,0.4374,100.0,53.6,85.0,75.11
2022-10-23,491,mummy,0.0001,0.2236,60.0,17.7,68.0,49.07
2022-10-22,490,spiel,0.0,0.0323,100.0,9.84,100.0,18.26
2022-10-21,489,grove,0.0002,0.1486,100.0,7.75,95.0,88.34
2022-10-20,488,denim,0.0001,0.0471,100.0,18.98,93.0,78.8
2022-10-19,487,quirk,0.0,0.0309,100.0,1.0,100.0,15.5
2022-10-18,486,exist,0.001,0.3195,100.0,56.2,99.0,75.38
2022-10-17,485,stein,0.0001,0.1312,100.0,4.14,100.0,18.56
2022-10-16,484,spade,0.0,0.1125,100.0,29.42,33.0,26.7
2022-10-15,483,catch,0.0014,0.462,74.0,73.47,81.0,83.31
2022-10-14,482,floor,0.0017,0.4343,63.0,54.5,92.0,90.79
2022-10-13,481,equal,0.0009,0.2504,94.0,58.99,85.0,71.88
2022-10-12,480,ionic,0.0,0.0139,100.0,0.37,100.0,16.94
2022-10-11,479,valid,0.0005,0.1353,100.0,46.5,95.0,75.23
2022-10-10,478,enjoy,0.0024,0.4161,88.0,75.42,81.0,78.9
2022-10-09,477,howdy,0.0,0.2481,100.0,3.39,100.0,12.26
2022-10-08,476,vigor,0.0,0.0323,100.0,13.23,100.0,19.14
2022-10-07,475,dandy,0.0,0.1583,100.0,3.87,100.0,31.08
2022-10-06,474,sloth,0.0,0.0842,100.0,6.0,100.0,45.34
2022-10-05,473,marsh,0.0001,0.1415,100.0,2.5,66.0,44.65
2022-10-04,472,bough,0.0,0.0239,100.0,0.13,100.0,1.05
2022-10-03,471,sting,0.0001,0.1956,100.0,44.91,54.0,58.08
2022-10-02,470,twine,0.0,0.0424,100.0,0.24,100.0,16.98
2022-10-01,469,leave,0.0042,0.5949,76.0,75.64,70.0,81.84
2022-09-30,468,scorn,0.0,0.0724,100.0,7.52,100.0,7.58
2022-09-29,467,scald,0.0,0.0225,100.0,0.09,100.0,2.22
2022-09-28,466,usurp,0.0,0.0156,100.0,0.08,100.0,0.14
2022-09-27,465,soggy,0.0,0.0642,100.0,3.26,100.0,18.95
2022-09-26,464,brisk,0.0,0.067,100.0,7.54,100.0,21.98
2022-09-25,463,admit,0.0007,0.385,89.0,50.66,13.0,26.18
2022-09-24,462,grate,0.0,0.0661,100.0,8.34,100.0,22.32
2022-09-23,461,glory,0.0004,0.2925,60.0,36.66,35.0,33.75
2022-09-22,460,saint,0.0005,0.2763,58.0,47.34,65.0,73.89
2022-09-21,459,recap,0.0001,0.0583,100.0,19.86,100.0,76.69
2022-09-20,458,alike,0.0003,0.2362,100.0,19.3,100.0,67.96
2022-09-19,457,trice,0.0,0.0106,100.0,0.06,100.0,0.38
2022-09-18,456,stick,0.0011,0.431,74.0,74.76,90.0,84.22
2022-09-17,455,chute,0.0,0.1436,100.0,3.98,100.0,30.34
2022-09-16,454,parer,0.0,0.0,100.0,0.05,100.0,0.04
2022-09-15,453,doubt,0.0015,0.3906,100.0,54.08,100.0,68.85
2022-09-14,452,thyme,0.0,0.0171,100.0,2.1,100.0,51.88
2022-09-13,451,alpha,0.0003,0.2077,100.0,53.44,93.0,87.68
2022-09-12,450,booze,0.0001,0.233,100.0,7.11,100.0,25.6
2022-09-11,449,tibia,0.0,0.0459,100.0,1.76,100.0,26.88
2022-09-10,448,lofty,0.0,0.0542,100.0,4.35,100.0,9.78
2022-09-09,447,theme,0.0008,0.254,94.0,45.16,32.0,32.35
2022-09-08,446,class,0.0044,0.4486,86.0,69.81,73.0,66.46
2022-09-07,445,leery,0.0,0.1344,100.0,0.17,100.0,0.3
2022-09-06,444,taunt,0.0,0.0459,100.0,11.85,100.0,8.72
2022-09-05,443,whoop,0.0,0.1486,100.0,3.68,100.0,12.52
2022-09-04,442,inter,0.0003,0.0282,100.0,4.06,41.0,27.28
2022-09-03,441,gully,0.0,0.0613,100.0,0.23,100.0,10.99
2022-09-02,440,charm,0.0003,0.2638,100.0,62.72,75.0,66.67
2022-09-01,439,fungi,0.0001,0.0156,100.0,20.32,100.0,46.85
2022-08-31,438,prize,0.0007,0.2962,100.0,42.48,51.0,56.46
2022-08-30,437,onset,0.0001,0.0573,100.0,8.51,100.0,43.02
2022-08-29,436,chief,0.0025,0.4105,100.0,57.0,70.0,71.36
2022-08-28,435,gauze,0.0,0.0834,100.0,0.72,100.0,12.51
2022-08-27,434,ruder,0.0,0.0156,100.0,0.0,100.0,1.1
2022-08-26,433,irony,0.0001,0.1614,100.0,32.76,100.0,42.16
2022-08-25,432,clown,0.0002,0.2652,83.0,60.9,81.0,77.99
2022-08-24,431,needy,0.0001,0.1312,100.0,16.25,91.0,51.33
2022-08-23,430,woven,0.0001,0.0459,100.0,1.46,100.0,53.44
2022-08-22,429,merit,0.0002,0.139,100.0,20.25,82.0,34.5
2022-08-21,428,waste,0.0012,0.3753,67.0,68.53,50.0,70.32
2022-08-20,427,treat,0.0011,0.3729,72.0,70.82,86.0,87.1
2022-08-19,426,shrug,0.0,0.0309,100.0,7.26,100.0,30.2
2022-08-18,425,twang,0.0,0.0139,100.0,0.13,100.0,1.07
2022-08-17,424,twice,0.0013,0.3902,87.0,70.06,66.0,71.19
2022-08-16,423,gruel,0.0,0.0349,100.0,0.08,100.0,1.03
2022-08-15,422,poker,0.0002,0.2666,67.0,56.82,71.0,66.06
2022-08-14,421,khaki,0.0,0.0563,100.0,0.44,100.0,31.79
2022-08-13,420,hunky,0.0,0.0563,100.0,0.12,100.0,2.58
2022-08-12,419,label,0.0005,0.194,60.0,40.82,43.0,40.26
2022-08-11,418,glean,0.0,0.0037,100.0,0.19,100.0,0.96
2022-08-10,417,cling,0.0001,0.118,100.0,11.32,100.0,31.42
2022-08-09,416,patty,0.0001,0.234,100.0,0.55,100.0,37.98
2022-08-08,415,unfit,0.0001,0.088,100.0,0.12,100.0,19.3
2022-08-07,414,smear,0.0001,0.1087,100.0,4.68,97.0,41.32
2022-08-06,413,alien,0.0004,0.2738,60.0,32.28,55.0,41.8
2022-08-05,412,buggy,0.0,0.1174,100.0,3.4,88.0,51.88
2022-08-04,411,rhyme,0.0001,0.1586,98.0,35.16,52.0,41.5
2022-08-03,410,youth,0.0011,0.2707,56.0,50.03,51.0,45.24
2022-08-02,409,coyly,0.0,0.0055,100.0,0.08,100.0,0.06
2022-08-01,408,quart,0.0,0.1057,100.0,1.31,81.0,40.64
2022-07-31,407,cramp,0.0,0.1254,100.0,5.09,89.0,55.1
2022-07-30,406,bluff,0.0001,0.1858,100.0,12.72,66.0,48.19
2022-07-29,405,upset,0.0008,0.4063,59.0,40.7,43.0,43.86
2022-07-28,404,stomp,0.0,0.1222,100.0,2.18,100.0,39.63
2022-07-27,403,motto,0.0001,0.1699,96.0,42.88,71.0,43.74
2022-07-26,402,cinch,0.0,0.1428,100.0,0.68,100.0,6.14
2022-07-25,401,elope,0.0,0.0787,100.0,1.71,100.0,7.78
2022-07-24,400,power,0.0063,0.4708,36.0,45.47,36.0,42.53
2022-07-23,399,midge,0.0,0.1039,100.0,0.09,100.0,0.96
2022-07-22,398,tryst,0.0,0.0309,100.0,0.06,100.0,1.2
2022-07-21,397,aphid,0.0,0.0072,100.0,0.06,100.0,0.84
2022-07-20,396,trite,0.0,0.0542,100.0,1.6,100.0,1.1
2022-07-19,395,angry,0.0009,0.3847,37.0,39.1,39.0,43.1
2022-07-18,394,flock,0.0001,0.1627,100.0,14.68,84.0,47.18
2022-07-17,393,wacky,0.0,0.1353,100.0,1.03,100.0,19.26
2022-07-16,392,roomy,0.0,0.0309,100.0,0.14,100.0,4.34
2022-07-15,391,wedge,0.0001,0.113,100.0,7.42,67.0,50.46
2022-07-14,390,liver,0.0003,0.2563,58.0,38.61,49.0,46.02
2022-07-13,389,bland,0.0001,0.0688,100.0,14.38,100.0,36.96
2022-07-12,388,night,0.0078,0.6357,40.0,44.26,42.0,43.62
2022-07-11,387,madam,0.0001,0.3577,100.0,22.1,61.0,43.94
2022-07-10,386,berth,0.0001,0.0542,100.0,1.03,100.0,2.37
2022-07-09,385,stead,0.0,0.0679,100.0,0.27,100.0,2.18
2022-07-08,384,voice,0.0022,0.4198,24.0,33.94,38.0,43.78
2022-07-07,383,agape,0.0,0.0,100.0,1.92,100.0,3.0
2022-07-06,382,fluff,0.0,0.0827,100.0,1.34,100.0,27.49
2022-07-05,381,field,0.0033,0.4008,44.0,39.4,41.0,40.38
2022-07-04,380,sever,0.0,0.0887,100.0,3.92,100.0,22.74
2022-07-03,379,lilac,0.0,0.0531,100.0,7.13,100.0,38.15
2022-07-02,378,egret,0.0,0.0037,100.0,0.03,100.0,1.06
2022-07-01,377,pinto,0.0,0.0573,100.0,0.36,100.0,17.13
2022-06-30,376,hutch,0.0,0.1436,100.0,0.12,100.0,13.07
2022-06-29,375,gawky,0.0,0.0225,100.0,0.04,100.0,0.04
2022-06-28,374,droll,0.0,0.0375,100.0,0.07,100.0,0.1
2022-06-27,373,retro,0.0001,0.085,81.0,34.2,46.0,46.4
2022-06-26,372,rusty,0.0001,0.2472,100.0,12.84,61.0,42.22
2022-06-25,371,beady,0.0,0.0504,100.0,0.08,100.0,0.56
2022-06-24,370,smite,0.0,0.0424,100.0,0.08,100.0,5.96
2022-06-23,369,brink,0.0001,0.1174,100.0,4.82,100.0,20.63
2022-06-22,368,awful,0.0006,0.3914,100.0,32.0,98.0,44.41
2022-06-21,367,gloat,0.0,0.0887,100.0,1.48,100.0,1.72
2022-06-20,366,input,0.0004,0.1298,50.0,34.42,39.0,35.81
2022-06-19,365,loser,0.0002,0.3134,100.0,22.46,46.0,29.88
2022-06-18,364,cacao,0.0,0.0,100.0,1.82,100.0,9.48
2022-06-17,363,blown,0.0003,0.2657,100.0,12.34,71.0,43.85
2022-06-16,362,apron,0.0,0.1222,84.0,6.72,79.0,44.6
2022-06-15,361,primo,0.0,0.0916,94.0,11.0,83.0,22.33
2022-06-14,360,atone,0.0,0.0573,100.0,0.5,100.0,2.72
2022-06-13,359,donor,0.0002,0.1527,100.0,4.19,86.0,38.67
2022-06-12,358,float,0.0002,0.2008,60.0,28.41,59.0,47.02
2022-06-11,357,goose,0.0001,0.2483,68.0,32.73,48.0,42.46
2022-06-10,356,piety,0.0,0.0424,100.0,0.35,100.0,0.94
2022-06-09,355,girth,0.0,0.0336,100.0,0.24,100.0,4.26
2022-06-08,354,trait,0.0001,0.0688,100.0,31.38,58.0,36.04
2022-06-07,353,flood,0.0004,0.1789,76.0,34.97,33.0,29.72
2022-06-06,352,gloom,0.0,0.0724,100.0,2.52,100.0,14.19
2022-06-05,351,depth,0.0007,0.209,79.0,38.14,38.0,41.97
2022-06-04,350,froth,0.0,0.0171,100.0,0.16,100.0,6.04
2022-06-03,349,phase,0.0008,0.2434,39.0,33.04,28.0,30.92
2022-06-02,348,showy,0.0,0.0239,100.0,0.46,100.0,1.43
2022-06-01,347,creak,0.0,0.0387,100.0,0.03,100.0,1.24
2022-05-31,346,manor,0.0001,0.1394,100.0,2.7,72.0,49.28
2022-05-30,345,atoll,0.0,0.04,100.0,0.11,100.0,1.09
2022-05-29,344,bayou,0.0,0.0795,100.0,0.06,100.0,3.54
2022-05-28,343,crept,0.0,0.0715,100.0,1.47,100.0,2.01
2022-05-27,342,tiara,0.0,0.0961,100.0,1.08,100.0,27.22
2022-05-26,341,asset,0.0003,0.147,100.0,29.44,43.0,33.35
2022-05-25,340,vouch,0.0,0.1169,100.0,2.06,100.0,2.06
2022-05-24,339,album,0.002,0.2274,57.0,41.44,46.0,50.12
2022-05-23,338,hinge,0.0,0.0424,100.0,2.94,83.0,41.34
2022-05-22,337,money,0.0084,0.6074,43.0,43.6,47.0,44.7
2022-05-21,336,scrap,0.0002,0.1579,92.0,25.22,59.0,45.14
2022-05-20,335,gamer,0.0001,0.0106,100.0,14.06,44.0,42.18
2022-05-19,334,glass,0.0014,0.3874,37.0,33.1,45.0,46.44
2022-05-18,333,scour,0.0,0.0448,100.0,0.08,100.0,1.08
2022-05-17,332,being,0.017,0.5815,50.0,39.58,44.0,43.25
2022-05-16,331,delve,0.0,0.0225,100.0,0.82,100.0,1.47
2022-05-15,330,yield,0.0003,0.152,100.0,27.76,46.0,38.02
2022-05-14,329,metal,0.0013,0.2836,63.0,45.28,44.0,43.86
2022-05-13,328,tipsy,0.0,0.0471,100.0,1.14,100.0,22.78
2022-05-12,327,slung,0.0,0.0254,100.0,0.08,100.0,0.67
2022-05-11,326,farce,0.0,0.0951,100.0,1.09,100.0,2.62
2022-05-10,325,gecko,0.0,0.0296,100.0,0.58,100.0,20.58
2022-05-09,324,shine,0.0003,0.2889,64.0,47.34,49.0,48.25
2022-05-08,323,canny,0.0,0.0187,100.0,0.07,100.0,1.02
2022-05-07,322,midst,0.0001,0.1399,100.0,1.05,100.0,3.14
2022-05-06,321,badge,0.0002,0.262,100.0,28.83,45.0,36.58
2022-05-05,320,homer,0.0001,0.1914,100.0,0.1,100.0,7.62
2022-05-04,319,train,0.0017,0.429,41.0,39.0,63.0,56.0
2022-05-03,318,hairy,0.0001,0.1869,100.0,9.62,53.0,50.1
2022-05-02,317,story,0.0054,0.5076,39.0,37.3,48.0,48.9
2022-05-01,316,forgo,0.0,0.0239,100.0,0.21,100.0,0.94
2022-04-30,315,larva,0.0,0.021,100.0,0.56,100.0,7.0
2022-04-29,314,trash,0.0005,0.2965,54.0,33.76,59.0,41.38
2022-04-28,313,zesty,0.0,0.0139,100.0,0.18,100.0,2.62
2022-04-27,312,shown,0.0015,0.2556,100.0,9.66,56.0,31.24
2022-04-26,311,heist,0.0,0.1335,99.0,20.89,15.0,9.8
2022-04-25,310,askew,0.0,0.0225,100.0,1.1,100.0,7.19
2022-04-24,309,inert,0.0,0.0282,100.0,1.2,100.0,2.18
2022-04-23,308,olive,0.0002,0.1994,63.0,36.52,49.0,47.62
2022-04-22,307,plant,0.0015,0.3151,40.0,33.68,34.0,26.48
2022-04-21,306,oxide,0.0001,0.0741,100.0,0.04,100.0,26.39
2022-04-20,305,cargo,0.0003,0.2164,100.0,35.25,52.0,43.2
2022-04-19,304,foyer,0.0,0.0593,100.0,2.04,100.0,12.44
2022-04-18,303,flair,0.0001,0.1113,100.0,2.8,100.0,19.8
2022-04-17,302,ample,0.0001,0.0974,100.0,4.54,100.0,8.13
2022-04-16,301,cheek,0.0002,0.1973,78.0,23.03,66.0,45.05
2022-04-15,300,shame,0.0007,0.3525,63.0,35.99,69.0,48.52
2022-04-14,299,mince,0.0,0.04,100.0,2.87,100.0,35.03
2022-04-13,298,chunk,0.0001,0.1538,100.0,2.2,100.0,38.01
2022-04-12,297,royal,0.0014,0.2996,46.0,33.09,44.0,45.3
2022-04-11,296,squad,0.0009,0.2925,100.0,20.8,39.0,44.99
2022-04-10,295,black,0.0055,0.482,48.0,45.82,23.0,24.8
2022-04-09,294,stair,0.0,0.0803,88.0,1.84,58.0,40.7
2022-04-08,293,scare,0.0002,0.3329,100.0,20.92,74.0,39.8
2022-04-07,292,foray,0.0,0.0336,100.0,0.04,100.0,0.04
2022-04-06,291,comma,0.0,0.0642,100.0,30.92,93.0,35.9
2022-04-05,290,natal,0.0,0.009,23.0,4.65,14.0,5.6
2022-04-04,289,shawl,0.0,0.0811,100.0,0.16,100.0,8.11
2022-04-03,288,fewer,0.0004,0.1298,100.0,12.61,100.0,30.8
2022-04-02,287,trope,0.0,0.0,100.0,0.42,100.0,1.14
2022-04-01,286,snout,0.0,0.0573,100.0,0.24,100.0,2.55
2022-03-31,285,lowly,0.0,0.0937,100.0,0.1,100.0,0.84
2022-03-30,284,stove,0.0001,0.2021,100.0,9.4,39.0,42.96
2022-03-29,283,shall,0.002,0.4911,100.0,29.45,100.0,38.51
2022-03-28,282,found,0.0092,0.5623,58.0,36.89,50.0,39.16
2022-03-27,281,nymph,0.0,0.0526,100.0,0.14,100.0,1.13
2022-03-26,280,epoxy,0.0,0.0156,100.0,0.18,100.0,7.58
2022-03-25,279,depot,0.0002,0.1288,100.0,6.53,54.0,49.84
2022-03-24,278,chest,0.0006,0.3512,66.0,38.65,43.0,42.48
2022-03-23,277,purge,0.0001,0.0901,100.0,7.06,55.0,20.98
2022-03-22,276,slosh,0.0,0.0106,100.0,0.06,100.0,0.06
2022-03-21,275,their,0.0409,0.6095,46.0,33.08,48.0,36.6
2022-03-20,274,renew,0.0001,0.1087,100.0,10.32,37.0,31.62
2022-03-19,273,allow,0.0019,0.3585,89.0,38.98,46.0,35.69
2022-03-18,272,saute,0.0,0.0055,100.0,0.2,100.0,3.1
2022-03-17,271,movie,0.0028,0.4529,45.0,40.51,39.0,41.46
2022-03-16,270,cater,0.0001,0.0762,100.0,2.58,100.0,5.84
2022-03-15,269,tease,0.0001,0.1786,100.0,11.92,100.0,44.84
2022-03-14,268,smelt,0.0,0.0661,100.0,0.18,100.0,1.62
2022-03-13,267,focus,0.0019,0.3208,52.0,34.09,43.0,41.24
2022-03-12,266,today,0.0068,0.5708,40.0,35.14,44.0,42.1
2022-03-11,265,watch,0.0042,0.5452,39.0,34.08,36.0,42.58
2022-03-10,264,lapse,0.0001,0.0811,100.0,2.72,100.0,12.32
2022-03-09,263,month,0.0034,0.4291,59.0,38.47,51.0,43.58
2022-03-08,262,sweet,0.0016,0.4684,47.0,38.72,39.0,44.22
2022-03-07,261,hoard,0.0,0.0349,100.0,0.4,100.0,3.1
2022-03-06,260,cloth,0.0002,0.1842,100.0,33.38,56.0,41.89
2022-03-05,259,brine,0.0,0.0254,100.0,0.16,80.0,6.24
2022-03-04,258,ahead,0.0019,0.4976,100.0,39.32,57.0,41.62
2022-03-03,257,mourn,0.0001,0.1185,100.0,0.72,100.0,4.54
2022-03-02,256,nasty,0.0003,0.2969,100.0,27.9,61.0,51.2
2022-03-01,255,rupee,0.0,0.0037,100.0,0.02,100.0,7.52
2022-02-28,254,choke,0.0001,0.189,100.0,8.22,84.0,45.5
2022-02-27,253,chant,0.0001,0.1113,100.0,6.64,100.0,40.78
2022-02-26,252,spill,0.0001,0.2112,88.0,34.78,37.0,21.85
2022-02-25,251,vivid,0.0001,0.1045,100.0,9.07,100.0,31.01
2022-02-24,250,bloke,0.0001,0.1631,100.0,0.1,100.0,1.53
2022-02-23,249,trove,0.0,0.0268,100.0,0.06,100.0,1.4
2022-02-22,248,thorn,0.0001,0.1699,100.0,1.67,100.0,28.83
2022-02-21,247,other,0.0277,0.6203,46.0,32.1,47.0,36.48
2022-02-20,246,tacit,0.0,0.0123,100.0,0.03,100.0,0.04
2022-02-19,245,swill,0.0,0.0632,100.0,0.04,100.0,0.04
2022-02-18,244,dodge,0.0002,0.2039,100.0,12.5,66.0,50.14
2022-02-17,243,shake,0.0004,0.3481,58.0,31.68,51.0,44.73
2022-02-16,242,caulk,0.0,0.021,100.0,0.07,100.0,1.24
2022-02-15,241,aroma,0.0,0.0803,100.0,11.26,50.0,27.32
2022-02-14,240,cynic,0.0,0.0697,100.0,0.2,100.0,0.18
2022-02-13,239,robin,0.0004,0.3059,100.0,4.08,72.0,47.63
2022-02-12,238,ultra,0.0003,0.0706,100.0,15.94,80.0,43.28
2022-02-11,237,ulcer,0.0,0.1196,100.0,1.09,100.0,26.44
2022-02-10,236,pause,0.0002,0.1743,55.0,22.42,42.0,36.94
2022-02-09,235,humor,0.0003,0.2698,100.0,12.89,100.0,25.4
2022-02-08,234,frame,0.0007,0.2551,44.0,30.13,44.0,40.66
2022-02-07,233,elder,0.0002,0.1959,100.0,27.8,37.0,29.32
2022-02-06,232,skill,0.0005,0.2056,38.0,31.38,43.0,34.92
2022-02-05,231,aloft,0.0,0.0515,100.0,0.08,100.0,3.22
2022-02-04,230,pleat,0.0,0.0055,100.0,0.12,100.0,1.19
2022-02-03,229,shard,0.0,0.0515,100.0,0.15,100.0,11.12
2022-02-02,228,moist,0.0001,0.0968,100.0,3.59,100.0,42.14
2022-02-01,227,those,0.0152,0.6226,60.0,38.38,40.0,32.87
2022-01-31,226,light,0.0041,0.4805,40.0,32.09,42.0,43.38
2022-01-30,225,wrung,0.0,0.0225,100.0,0.12,100.0,0.08
2022-01-29,224,could,0.022,0.695,94.0,33.32,40.0,32.76
2022-01-28,223,perky,0.0,0.0923,100.0,0.47,100.0,7.59
2022-01-27,222,mount,0.0006,0.2389,100.0,35.4,39.0,43.5
2022-01-26,221,whack,0.0001,0.2156,100.0,0.82,100.0,6.12
2022-01-25,220,sugar,0.0009,0.3437,35.0,37.18,41.0,46.88
2022-01-24,219,knoll,0.0,0.04,100.0,0.03,100.0,1.9
2022-01-23,218,crimp,0.0,0.0336,100.0,0.09,100.0,3.19
2022-01-22,217,wince,0.0,0.0202,100.0,0.08,100.0,0.99
2022-01-21,216,prick,0.0001,0.2552,100.0,7.08,100.0,18.61
2022-01-20,215,robot,0.0003,0.2423,49.0,32.49,41.0,44.22
2022-01-19,214,point,0.0066,0.514,45.0,38.46,43.0,47.62
2022-01-18,213,proxy,0.0001,0.0603,49.0,23.74,46.0,54.39
2022-01-17,212,shire,0.0001,0.0583,100.0,0.08,100.0,16.5
2022-01-16,211,solar,0.0006,0.1624,87.0,40.62,83.0,48.01
2022-01-15,210,panic,0.0003,0.294,67.0,38.56,50.0,46.56
2022-01-14,209,tangy,0.0,0.0268,100.0,0.29,100.0,10.34
2022-01-13,208,abbey,0.0001,0.1344,100.0,1.02,100.0,35.13
2022-01-12,207,favor,0.0007,0.4016,93.0,44.94,69.0,41.54
2022-01-11,206,drink,0.0015,0.5182,70.0,51.3,48.0,49.48
2022-01-10,205,query,0.0001,0.0424,71.0,43.56,59.0,34.66
2022-01-09,204,gorge,0.0,0.0787,100.0,12.43,59.0,44.44
2022-01-08,203,crank,0.0001,0.1734,100.0,2.17,54.0,43.32
2022-01-07,202,slump,0.0,0.0741,100.0,15.07,84.0,40.88
2022-01-06,201,banal,0.0,0.0225,100.0,19.82,100.0,17.18
2022-01-05,200,tiger,0.0004,0.2793,41.0,38.88,37.0,42.68
2022-01-04,199,siege,0.0002,0.1125,78.0,21.26,100.0,39.59
2022-01-03,198,truss,0.0,0.0268,,,45.0,28.56
2022-01-02,197,boost,0.0005,0.1604,64.0,62.54,94.0,84.72
2022-01-01,196,rebus,0.0,0.0,27.0,4.03,100.0,44.01
2021-12-31,195,unify,0.0,0.0225,0.0,2.24,45.0,68.02
2021-12-30,194,troll,0.0001,0.1232,33.0,41.8,72.0,72.5
2021-12-29,193,tapir,0.0,0.0072,0.0,0.5,66.0,40.16
2021-12-28,192,aside,0.0007,0.3016,45.0,59.5,59.0,74.36
2021-12-27,191,ferry,0.0002,0.1737,0.0,19.48,51.0,59.5
2021-12-26,190,acute,0.0002,0.1288,54.0,41.2,53.0,76.31
2021-12-25,189,picky,0.0,0.1087,43.0,51.57,69.0,83.74
2021-12-24,188,weary,0.0001,0.1542,0.0,35.31,81.0,77.53
2021-12-23,187,gripe,0.0,0.0542,13.0,2.55,100.0,33.14
2021-12-22,186,craze,0.0,0.0661,0.0,3.94,68.0,77.64
2021-12-21,185,pluck,0.0,0.1125,0.0,5.72,73.0,70.1
2021-12-20,184,brake,0.0002,0.1826,0.0,34.72,68.0,75.72
2021-12-19,183,baton,0.0001,0.1264,0.0,9.65,47.0,49.66
2021-12-18,182,champ,0.0002,0.2612,0.0,51.25,36.0,41.76
2021-12-17,181,peach,0.0001,0.1874,58.0,63.88,53.0,69.33
2021-12-16,180,using,0.0056,0.3992,64.0,62.81,84.0,77.1
2021-12-15,179,trace,0.0003,0.2833,61.0,57.24,76.0,68.9
2021-12-14,178,vital,0.0005,0.2039,56.0,59.86,81.0,75.78
2021-12-13,177,sonic,0.0002,0.1013,60.0,40.07,62.0,51.8
2021-12-12,176,masse,0.0,0.021,0.0,11.28,81.0,69.93
2021-12-11,175,conic,0.0,0.0055,0.0,0.5,59.0,61.07
2021-12-10,174,viral,0.0002,0.0593,49.0,39.65,83.0,58.51
2021-12-09,173,rhino,0.0001,0.1057,0.0,10.5,20.0,21.58
2021-12-08,172,break,0.0029,0.5077,86.0,75.18,81.0,75.26
2021-12-07,171,triad,0.0,0.1399,0.0,5.93,29.0,25.06
2021-12-06,170,epoch,0.0,0.0123,23.0,33.1,81.0,80.48
2021-12-05,169,usher,0.0001,0.1142,0.0,6.08,42.0,45.97
2021-12-04,168,exult,0.0,0.0,0.0,3.9,0.0,27.14
2021-12-03,167,grime,0.0,0.0323,0.0,1.22,34.0,37.44
2021-12-02,166,cheat,0.0002,0.275,72.0,69.7,68.0,79.86
2021-12-01,165,solve,0.0005,0.2838,77.0,52.94,80.0,67.37
2021-11-30,164,bring,0.0036,0.5444,93.0,71.31,89.0,90.14
2021-11-29,163,prove,0.0011,0.4011,63.0,50.58,73.0,73.52
2021-11-28,162,store,0.002,0.4151,76.0,77.19,87.0,76.68
2021-11-27,161,tilde,0.0,0.0,29.0,55.84,45.0,67.0
2021-11-26,160,clock,0.0005,0.3842,62.0,64.94,52.0,48.98
2021-11-25,159,wrote,0.0021,0.4021,71.0,57.99,82.0,80.48
2021-11-24,158,retch,0.0,0.0239,0.0,1.26,0.0,23.68
2021-11-23,157,perch,0.0,0.0642,0.0,2.14,53.0,74.88
2021-11-22,156,rouge,0.0001,0.1357,64.0,62.4,84.0,78.92
2021-11-21,155,radio,0.0019,0.4096,72.0,79.08,76.0,86.39
2021-11-20,154,surer,0.0,0.0202,,,53.0,62.68
2021-11-19,153,finer,0.0,0.1201,0.0,0.88,38.0,39.72
2021-11-18,152,vodka,0.0001,0.2262,49.0,19.96,55.0,62.39
2021-11-17,151,heron,0.0,0.0225,0.0,2.12,64.0,79.56
2021-11-16,150,chill,0.0003,0.2675,79.0,70.92,62.0,72.5
2021-11-15,149,gaudy,0.0,0.0323,51.0,25.68,74.0,63.51
2021-11-14,148,pithy,0.0,0.0309,0.0,26.32,28.0,34.24
2021-11-13,147,smart,0.0013,0.4301,44.0,44.48,95.0,87.66
2021-11-12,146,badly,0.0005,0.3104,43.0,47.18,72.0,72.17
2021-11-11,145,rogue,0.0001,0.146,52.0,51.86,69.0,72.75
2021-11-10,144,group,0.0071,0.4054,93.0,76.53,90.0,78.24
2021-11-09,143,fixer,0.0,0.0504,0.0,5.86,62.0,59.91
2021-11-08,142,groin,0.0,0.0968,51.0,27.2,70.0,69.48
2021-11-07,141,duchy,0.0,0.009,,,70.0,51.84
2021-11-06,140,coast,0.0014,0.3121,53.0,57.6,73.0,82.54
2021-11-05,139,blurt,0.0,0.0375,0.0,2.98,28.0,28.38
2021-11-04,138,pulpy,0.0,0.0055,0.0,0.5,49.0,57.4
2021-11-03,137,altar,0.0001,0.1696,44.0,15.61,56.0,24.32
2021-11-02,136,great,0.0145,0.6307,80.0,78.86,80.0,82.74
2021-11-01,135,briar,0.0,0.0531,0.0,2.01,67.0,69.76
2021-10-31,134,click,0.0013,0.1882,25.0,32.84,32.0,40.66
2021-10-30,133,gouge,0.0,0.0493,0.0,2.78,75.0,76.89
2021-10-29,132,world,0.0148,0.5754,41.0,38.72,70.0,32.52
2021-10-28,131,erode,0.0,0.0106,0.0,1.75,75.0,76.13
2021-10-27,130,boozy,0.0,0.0139,0.0,0.96,51.0,54.65
2021-10-26,129,dozen,0.0004,0.303,65.0,28.8,60.0,62.09
2021-10-25,128,fling,0.0,0.142,0.0,25.23,31.0,33.9
2021-10-24,127,growl,0.0,0.0642,0.0,7.72,55.0,59.56
2021-10-23,126,abyss,0.0,0.0954,43.0,34.09,76.0,72.22
2021-10-22,125,steed,0.0,0.1191,0.0,2.64,79.0,80.62
2021-10-21,124,enema,0.0,0.0827,0.0,0.5,74.0,74.78
2021-10-20,123,jaunt,0.0,0.0296,0.0,1.88,28.0,31.73
2021-10-19,122,comet,0.0001,0.1321,0.0,11.04,60.0,62.77
2021-10-18,121,tweed,0.0,0.0741,0.0,1.57,85.0,71.22
2021-10-17,120,pilot,0.0006,0.312,57.0,66.38,88.0,80.86
2021-10-16,119,dutch,0.0005,0.2601,72.0,85.61,57.0,50.78
2021-10-15,118,belch,0.0,0.0515,0.0,1.38,65.0,55.72
2021-10-14,117,ought,0.0004,0.4138,93.0,54.86,94.0,69.54
2021-10-13,116,dowry,0.0,0.085,59.0,35.6,27.0,28.54
2021-10-12,115,thumb,0.0002,0.2397,66.0,39.51,76.0,76.53
2021-10-11,114,hyper,0.0001,0.0593,50.0,53.82,38.0,44.76
2021-10-10,113,hatch,0.0001,0.2468,0.0,10.9,36.0,39.9
2021-10-09,112,alone,0.0028,0.5389,67.0,63.8,81.0,76.79
2021-10-08,111,motor,0.0006,0.2491,59.0,70.55,83.0,89.6
2021-10-07,110,aback,0.0,0.0239,49.0,22.48,80.0,59.6
2021-10-06,109,guild,0.0002,0.1039,0.0,25.81,60.0,70.69
2021-10-05,108,kebab,0.0,0.0448,0.0,21.98,54.0,71.17
2021-10-04,107,spend,0.0018,0.4272,92.0,65.42,88.0,82.08
2021-10-03,106,fjord,0.0,0.0362,0.0,2.35,62.0,57.72
2021-10-02,105,essay,0.0003,0.1847,66.0,57.52,73.0,61.72
2021-10-01,104,spray,0.0003,0.2223,100.0,54.48,80.0,86.72
2021-09-30,103,spicy,0.0001,0.1373,45.0,48.36,69.0,75.22
2021-09-29,102,agate,0.0,0.0037,,,69.0,77.27
2021-09-28,101,salad,0.0003,0.2717,60.0,61.76,41.0,51.96
2021-09-27,100,basic,0.0015,0.2638,89.0,74.55,92.0,75.08
2021-09-26,99,moult,0.0,0.0,0.0,1.17,62.0,66.42
2021-09-25,98,corny,0.0,0.1505,38.0,47.36,82.0,67.26
2021-09-24,97,forge,0.0001,0.136,39.0,58.68,70.0,78.94
2021-09-23,96,civic,0.0002,0.1081,46.0,38.01,68.0,71.98
2021-09-22,95,islet,0.0,0.0,,,30.0,38.99
2021-09-21,94,labor,0.0011,0.2423,2.0,2.54,4.0,5.64
2021-09-20,93,gamma,0.0001,0.1415,38.0,35.04,60.0,70.74
2021-09-19,92,lying,0.0009,0.4215,66.0,72.06,83.0,81.46
2021-09-18,91,audit,0.0002,0.0706,0.0,39.83,49.0,60.53
2021-09-17,90,round,0.0026,0.3958,61.0,66.16,35.0,38.08
2021-09-16,89,loopy,0.0,0.0471,0.0,1.25,72.0,63.62
2021-09-15,88,lusty,0.0,0.0448,0.0,3.35,58.0,64.5
2021-09-14,87,golem,0.0,0.0225,0.0,2.08,29.0,40.38
2021-09-13,86,goner,0.0,0.0872,0.0,0.5,68.0,61.44
2021-09-12,85,greet,0.0001,0.1722,75.0,45.72,71.0,65.78
2021-09-11,84,start,0.0069,0.548,64.0,76.38,81.0,79.38
2021-09-10,83,lapel,0.0,0.0375,0.0,0.5,70.0,66.1
2021-09-09,82,biome,0.0,0.0,0.0,1.3,62.0,64.29
2021-09-08,81,parry,0.0001,0.0865,0.0,2.88,62.0,69.03
2021-09-07,80,shrub,0.0,0.0225,,,39.0,58.86
2021-09-06,79,front,0.0037,0.4893,66.0,71.95,88.0,87.0
2021-09-05,78,wooer,0.0,0.0019,0.0,0.5,0.0,0.88
2021-09-04,77,totem,0.0,0.0583,0.0,10.68,73.0,73.78
2021-09-03,76,flick,0.0001,0.169,0.0,26.4,14.0,15.36
2021-09-02,75,delta,0.0003,0.2099,44.0,36.16,53.0,47.04
2021-09-01,74,bleed,0.0001,0.2262,37.0,26.36,81.0,84.15
2021-08-31,73,argue,0.0006,0.285,69.0,57.84,77.0,77.14
2021-08-30,72,swirl,0.0,0.0603,0.0,1.42,33.0,35.34
2021-08-29,71,error,0.0007,0.2189,43.0,61.5,55.0,73.74
2021-08-28,70,agree,0.0018,0.3932,61.0,67.37,63.0,75.31
2021-08-27,69,offal,0.0,0.0156,0.0,0.5,13.0,14.72
2021-08-26,68,flume,0.0,0.0139,,,82.0,62.23
2021-08-25,67,crass,0.0,0.0504,28.0,36.74,73.0,72.17
2021-08-24,66,panel,0.0007,0.1987,49.0,57.22,87.0,84.03
2021-08-23,65,stout,0.0001,0.067,23.0,22.08,43.0,49.76
2021-08-22,64,bribe,0.0001,0.1834,0.0,33.01,30.0,38.98
2021-08-21,63,drain,0.0002,0.2128,70.0,48.26,91.0,86.76
2021-08-20,62,yearn,0.0,0.0632,44.0,36.86,10.0,12.6
2021-08-19,61,print,0.0007,0.2859,61.0,66.2,88.0,82.56
2021-08-18,60,seedy,0.0,0.0515,0.0,0.94,61.0,48.62
2021-08-17,59,ivory,0.0001,0.0819,12.0,8.98,24.0,23.08
2021-08-16,58,belly,0.0002,0.2638,75.0,59.67,74.0,83.64
2021-08-15,57,stand,0.0026,0.5098,80.0,79.19,95.0,84.29
2021-08-14,56,first,0.0246,0.6329,56.0,66.12,82.0,83.82
2021-08-13,55,forth,0.0005,0.2649,54.0,62.48,34.0,34.1
2021-08-12,54,booby,0.0,0.1185,0.0,1.64,62.0,61.92
2021-08-11,53,flesh,0.0003,0.2949,0.0,62.22,71.0,72.96
2021-08-10,52,unmet,0.0,0.0019,0.0,0.5,69.0,55.79
2021-08-09,51,linen,0.0001,0.1284,0.0,30.3,78.0,76.26
2021-08-08,50,maxim,0.0,0.077,0.0,19.11,47.0,49.32
2021-08-07,49,pound,0.0004,0.2537,57.0,63.63,72.0,76.77
2021-08-06,48,mimic,0.0001,0.0542,0.0,27.2,60.0,59.9
2021-08-05,47,spike,0.0002,0.2428,78.0,49.68,63.0,56.94
2021-08-04,46,cluck,0.0,0.0834,0.0,0.5,46.0,59.24
2021-08-03,45,crate,0.0001,0.1531,0.0,27.42,61.0,69.72
2021-08-02,44,digit,0.0001,0.0436,0.0,23.06,86.0,78.74
2021-08-01,43,repay,0.0001,0.1714,0.0,0.5,64.0,68.66
2021-07-31,42,sower,0.0,0.009,0.0,0.5,47.0,51.62
2021-07-30,41,crazy,0.0022,0.5272,77.0,81.02,81.0,82.33
2021-07-29,40,adobe,0.0001,0.0362,59.0,57.3,60.0,60.2
2021-07-28,39,outdo,0.0,0.0387,0.0,0.5,29.0,27.1
2021-07-27,38,trawl,0.0,0.009,,,46.0,45.66
2021-07-26,37,whelp,0.0,0.0362,0.0,0.94,19.0,36.84
2021-07-25,36,unfed,0.0,0.0072,0.0,0.5,0.0,0.5
2021-07-24,35,paper,0.0022,0.4367,50.0,70.17,77.0,82.98
2021-07-23,34,staff,0.0023,0.3286,76.0,67.55,68.0,64.78
2021-07-22,33,croak,0.0,0.0724,0.0,0.5,57.0,55.04
2021-07-21,32,helix,0.0,0.0309,0.0,3.08,84.0,80.26
2021-07-20,31,floss,0.0,0.102,0.0,15.46,80.0,79.42
2021-07-19,30,pride,0.0006,0.3153,17.0,20.16,11.0,13.49
2021-07-18,29,batty,0.0,0.0493,0.0,0.5,37.0,49.84
2021-07-17,28,react,0.0003,0.2016,53.0,68.53,61.0,80.91
2021-07-16,27,marry,0.0005,0.4376,36.0,43.52,75.0,79.38
2021-07-15,26,abase,0.0,0.0055,0.0,6.04,32.0,31.3
2021-07-14,25,colon,0.0001,0.1185,62.0,59.99,40.0,31.92
2021-07-13,24,stool,0.0001,0.1415,71.0,30.12,83.0,85.1
2021-07-12,23,crust,0.0001,0.136,61.0,7.29,29.0,35.76
2021-07-11,22,fresh,0.0013,0.3774,67.0,70.14,46.0,46.26
2021-07-10,21,death,0.0048,0.5058,72.0,72.56,74.0,71.01
2021-07-09,20,major,0.0038,0.438,63.0,69.96,39.0,37.94
2021-07-08,19,feign,0.0,0.0349,66.0,55.35,78.0,64.78
2021-07-07,18,abate,0.0,0.009,0.0,32.31,20.0,21.66
2021-07-06,17,bench,0.0005,0.2225,68.0,33.36,75.0,81.25
2021-07-05,16,quiet,0.0009,0.4485,70.0,62.58,28.0,17.62
2021-07-04,15,grade,0.0012,0.3204,39.0,63.9,47.0,70.64
2021-07-03,14,stink,0.0001,0.2493,32.0,18.36,43.0,45.82
2021-07-02,13,karma,0.0001,0.1403,57.0,71.7,84.0,88.04
2021-07-01,12,model,0.0026,0.3287,85.0,77.78,90.0,90.0
2021-06-30,11,dwarf,0.0001,0.1321,50.0,44.42,51.0,66.16
2021-06-29,10,heath,0.0001,0.0987,0.0,15.11,42.0,45.36
2021-06-28,9,serve,0.0014,0.3441,63.0,64.51,85.0,85.04
2021-06-27,8,naval,0.0003,0.1792,0.0,14.59,69.0,72.36
2021-06-26,7,evade,0.0,0.0593,0.0,14.76,47.0,53.09
2021-06-25,6,focal,0.0001,0.0424,0.0,16.07,80.0,82.7
2021-06-24,5,blush,0.0001,0.1222,45.0,35.1,75.0,75.6
2021-06-23,4,awake,0.0003,0.3121,37.0,33.7,22.0,18.06
2021-06-22,3,humph,0.0,0.0296,0.0,0.5,0.0,9.34
2021-06-21,2,sissy,0.0,0.1987,0.0,5.03,73.0,75.94
2021-06-20,1,rebut,0.0,0.0139,0.0,1.84,42.0,53.74
2021-06-19,0,cigar,0.0001,0.2476,0.0,1.8,95.0,66.1
